Student_ID,Age,Study_Hours_Per_Day,Attendance_Percentage,Assignment_Completion_Percentage,Online_Learning_Hours_Per_Day,Participation_Score,Previous_Marks,Sleep_Hours_Per_Day,Exam_Preparation_Hours_Per_Day,Extracurricular_Hours_Per_Week,Social_Media_Hours_Per_Day,Stress_Level
STU0001,23,4.8,88.5,80.0,4.1,5.0,49.3,8.2,4.4,8.1,2.4,7.5
STU0002,20,2.1,70.2,80.2,2.5,8.4,43.5,5.2,2.0,5.4,2.2,4.5
STU0003,21,5.2,63.6,44.6,2.6,8.9,56.9,7.3,2.7,9.2,4.3,4.6
STU0004,23,5.6,65.5,57.4,2.2,4.2,80.1,6.0,3.6,6.9,2.2,6.6
STU0005,19,5.5,72.2,100.0,3.4,4.1,91.7,6.4,3.6,3.1,2.4,7.4
STU0006,24,6.4,73.8,69.5,2.0,7.0,81.7,7.9,4.1,3.5,4.9,4.4
STU0007,21,6.0,68.8,88.2,3.8,7.8,83.9,7.0,3.1,2.8,3.6,5.0
STU0008,21,5.3,62.4,63.3,1.0,5.9,66.8,4.4,2.2,8.7,5.3,4.4
STU0009,23,4.4,72.5,37.4,1.1,7.9,41.9,5.6,2.3,3.8,4.7,2.8
STU0010,18,1.5,80.2,71.9,3.4,5.1,61.2,8.0,2.8,2.6,1.5,5.1
STU0011,19,12.0,85.1,70.2,2.4,2.3,64.1,7.3,3.2,6.0,4.3,4.9
STU0012,23,4.9,71.3,67.8,1.9,5.7,60.5,8.9,2.6,4.7,5.1,3.0
STU0013,19,5.0,73.0,72.9,3.7,6.6,68.8,8.8,2.8,5.9,5.1,6.8
STU0014,19,2.2,66.9,79.8,1.7,5.9,74.6,6.4,0.5,10.7,4.3,6.5
STU0015,24,2.6,77.6,72.3,2.2,4.2,80.8,9.8,3.8,7.7,4.3,6.9
STU0016,21,6.4,67.8,52.2,4.3,2.9,63.8,6.8,3.1,5.1,2.3,4.0
STU0017,20,4.4,84.9,83.8,4.5,5.5,39.4,5.6,4.3,0.8,1.5,1.5
STU0018,24,5.7,56.6,39.9,4.5,8.3,60.8,6.0,2.8,3.5,2.3,6.4
STU0019,24,4.6,73.7,38.1,2.1,9.0,68.7,4.1,0.2,7.1,0.3,4.2
STU0020,19,4.6,81.6,88.3,4.1,8.9,86.3,8.7,2.3,1.5,4.8,3.7
STU0021,22,6.2,80.2,84.1,1.3,4.9,59.5,8.7,2.5,11.4,2.4,3.0
STU0022,21,3.6,100.0,74.0,1.3,4.2,75.7,5.6,3.9,5.0,4.7,4.9
STU0023,18,4.7,82.2,49.9,0.0,7.5,72.4,6.5,0.0,5.1,1.0,8.7
STU0024,24,3.7,66.0,62.3,4.7,7.8,68.7,6.9,2.9,3.0,4.4,4.5
STU0025,20,3.7,76.9,70.3,1.4,7.3,82.0,5.6,3.6,6.5,2.1,3.3
STU0026,22,3.9,56.7,46.3,2.3,2.5,,4.7,1.8,1.5,12.0,6.8
STU0027,22,4.9,77.0,61.7,1.3,4.8,59.4,6.5,2.9,11.5,5.2,5.8
STU0028,18,3.6,68.0,86.7,3.4,6.4,67.8,6.4,1.9,9.0,4.5,1.3
STU0029,24,6.8,89.0,100.0,2.0,7.5,58.4,6.3,1.7,8.0,3.1,6.8
STU0030,20,2.9,71.4,67.5,0.8,8.0,75.6,7.1,2.2,0.8,2.9,9.8
STU0031,21,4.2,76.6,88.6,3.1,6.8,57.3,8.5,1.7,5.6,3.5,1.0
STU0032,17,3.7,70.4,40.5,0.6,7.2,71.4,6.4,3.8,8.6,3.1,3.0
STU0033,20,7.1,98.9,86.9,1.4,6.7,66.5,7.0,1.7,6.8,1.6,1.0
STU0034,18,4.9,74.1,60.5,0.0,7.9,71.2,7.7,1.4,2.0,2.2,5.3
STU0035,22,6.4,100.0,80.5,0.6,7.1,61.1,7.5,5.5,3.0,5.7,7.5
STU0036,21,1.8,87.8,70.5,2.7,6.6,62.9,6.1,4.2,3.6,6.8,5.7
STU0037,20,5.0,83.8,98.8,0.0,6.0,69.4,6.9,0.0,3.2,5.1,8.3
STU0038,17,6.1,82.4,59.3,0.6,6.7,71.0,7.5,1.7,9.6,3.5,7.2
STU0039,17,4.6,82.7,86.3,2.5,7.5,67.9,5.4,3.2,0.0,2.3,8.9
STU0040,19,6.4,54.9,70.0,1.8,7.0,93.6,8.3,3.3,7.0,1.6,7.8
STU0041,19,3.6,74.7,72.2,5.1,7.3,53.1,8.5,0.6,28.0,1.7,4.7
STU0042,23,7.0,88.1,71.7,4.9,9.2,67.0,5.9,4.5,2.1,2.0,5.6
STU0043,18,8.6,77.4,59.8,1.4,7.0,44.4,7.0,4.0,0.0,6.0,3.8
STU0044,24,3.8,61.1,74.7,3.2,5.2,73.6,7.6,3.5,3.4,5.5,5.0
STU0045,20,3.7,77.4,73.9,3.5,8.3,51.3,6.1,4.8,9.5,3.9,5.6
STU0046,20,7.1,98.4,79.3,1.7,3.8,63.8,7.4,3.5,5.8,1.4,5.3
STU0047,24,7.3,93.0,76.5,0.6,4.3,62.4,7.0,3.5,1.4,4.1,8.2
STU0048,23,3.6,77.3,89.4,2.5,7.2,72.2,5.0,5.1,8.1,2.4,4.8
STU0049,22,3.7,89.4,91.6,2.3,7.5,59.7,7.4,4.5,8.7,0.0,3.6
STU0050,22,4.0,73.6,56.1,1.9,4.0,59.1,5.5,1.5,5.3,3.2,3.8
STU0051,23,2.1,57.6,90.6,3.1,5.7,89.5,7.9,3.7,11.1,1.5,6.8
STU0052,22,2.8,66.9,53.6,1.5,5.3,72.3,6.0,1.8,7.5,1.6,2.7
STU0053,19,2.7,96.8,85.6,1.0,5.5,59.6,6.6,3.6,7.0,2.4,5.1
STU0054,20,3.1,74.7,86.2,2.6,8.4,64.2,8.4,3.5,2.6,2.1,8.2
STU0055,23,4.4,75.1,40.6,3.0,7.9,92.7,7.4,0.7,6.9,2.7,6.1
STU0056,20,4.9,74.4,76.7,1.0,6.5,64.5,5.5,2.6,5.7,2.7,5.4
STU0057,24,7.3,100.0,66.6,3.7,5.4,57.7,5.6,3.2,6.6,0.0,5.4
STU0058,17,2.7,97.5,61.3,0.2,3.8,57.7,6.1,2.1,2.9,5.1,3.4
STU0059,19,6.3,100.0,99.3,1.7,9.3,59.8,7.3,3.3,5.4,1.3,3.8
STU0060,21,4.1,76.1,63.2,2.2,7.7,59.1,7.2,4.0,2.5,1.4,5.1
STU0061,19,4.4,81.5,60.5,1.7,5.1,48.8,5.8,2.8,0.0,2.3,6.0
STU0062,23,5.7,59.8,76.4,1.8,7.9,51.1,5.4,3.1,8.0,2.6,7.4
STU0063,21,2.5,95.7,87.3,4.9,6.4,55.6,7.1,4.9,0.5,5.0,5.7
STU0064,17,5.2,64.0,72.5,1.4,5.9,76.9,6.6,3.5,5.3,3.2,8.2
STU0065,23,4.8,80.6,96.0,5.7,7.4,62.3,9.4,3.1,6.0,3.6,8.7
STU0066,18,5.4,64.8,84.6,3.1,5.0,64.9,6.8,1.4,6.0,3.2,7.1
STU0067,20,5.0,70.9,35.8,2.6,5.8,87.1,9.0,3.8,4.2,3.1,7.9
STU0068,17,8.9,68.0,65.5,3.1,6.7,87.4,5.4,3.3,5.8,3.3,3.5
STU0069,20,3.4,70.7,64.9,5.8,5.5,63.8,4.9,4.7,6.4,0.0,3.2
STU0070,22,3.5,71.5,83.6,1.2,7.8,58.5,5.5,2.9,7.2,2.4,6.5
STU0071,18,3.4,71.4,27.8,1.0,10.0,55.0,8.2,0.1,10.2,4.5,2.8
STU0072,18,3.5,88.0,100.0,1.5,5.0,78.4,8.9,0.2,5.7,8.0,4.9
STU0073,17,3.4,64.7,84.6,2.5,3.2,64.9,5.9,3.9,5.2,1.0,7.0
STU0074,18,6.6,80.6,77.7,0.3,2.5,62.2,6.2,1.9,2.3,3.4,8.3
STU0075,21,7.1,92.6,96.3,2.5,6.2,55.8,5.4,3.5,6.3,1.9,5.0
STU0076,18,3.5,71.8,100.0,4.7,5.2,56.5,4.6,3.0,7.0,5.9,4.2
STU0077,20,3.0,69.4,90.7,2.7,6.9,72.8,7.7,2.5,4.4,0.8,6.1
STU0078,20,5.3,75.2,92.1,2.1,6.8,48.3,7.1,2.7,6.6,3.7,3.4
STU0079,23,3.5,92.2,77.4,1.7,3.3,82.9,6.8,1.5,4.1,0.7,5.2
STU0080,20,5.6,80.3,72.5,3.7,2.9,60.0,5.1,2.8,7.0,2.3,5.5
STU0081,23,4.9,71.6,66.4,1.4,7.1,65.8,8.8,1.9,7.7,2.7,5.4
STU0082,20,1.8,83.8,60.1,4.9,6.8,47.9,6.2,2.2,7.7,4.4,5.7
STU0083,21,7.3,64.8,62.6,5.0,5.6,67.8,7.4,2.3,5.4,1.2,3.8
STU0084,24,7.7,86.2,50.7,2.8,3.2,63.1,5.1,2.5,1.9,3.8,4.0
STU0085,23,3.4,82.9,73.6,2.5,7.4,67.2,6.6,4.2,3.2,2.8,4.0
STU0086,19,3.8,74.3,44.7,3.8,9.0,90.1,7.1,2.6,6.8,3.2,2.3
STU0087,22,5.0,67.9,78.4,3.9,7.1,70.7,7.2,4.3,12.3,4.2,6.2
STU0088,17,5.1,67.4,74.3,1.5,4.8,56.1,7.0,5.1,4.0,0.9,7.3
STU0089,20,5.7,84.4,77.6,1.8,6.6,57.3,7.4,4.1,6.4,4.0,7.1
STU0090,18,8.1,92.7,65.6,0.8,3.8,76.9,5.4,3.6,3.3,1.9,5.0
STU0091,24,4.2,70.4,100.0,3.0,8.6,87.5,7.0,3.3,2.1,4.4,3.9
STU0092,20,3.1,83.5,99.5,3.4,6.7,72.2,6.9,4.1,3.0,3.3,7.0
STU0093,18,2.0,53.0,52.6,0.7,3.0,78.3,7.1,2.9,0.0,2.5,6.8
STU0094,22,3.2,71.0,79.2,1.9,5.9,77.1,6.9,4.3,9.1,1.9,5.9
STU0095,22,4.4,77.6,64.1,0.7,7.4,89.3,5.3,3.7,0.0,4.0,9.0
STU0096,22,7.7,67.1,56.7,1.3,5.8,38.8,5.2,2.3,4.2,4.7,5.4
STU0097,18,3.6,66.8,50.9,3.2,5.9,78.0,4.1,4.1,1.5,2.0,5.0
STU0098,20,4.9,70.0,82.8,1.5,4.1,82.8,7.8,2.9,2.3,1.1,4.7
STU0099,22,4.5,81.5,62.7,2.1,7.6,47.9,7.8,2.6,9.1,3.8,2.4
STU0100,21,6.6,75.8,92.4,0.4,5.2,54.7,7.8,2.1,5.6,0.6,6.8
STU0101,23,9.0,51.1,92.9,2.7,2.2,55.2,7.2,3.0,2.1,0.8,5.3
STU0102,18,3.5,52.6,99.7,2.4,5.8,57.1,4.2,4.3,3.2,1.2,6.5
STU0103,18,3.6,70.7,59.7,1.6,8.5,60.8,5.6,4.1,2.7,2.2,9.2
STU0104,20,6.4,83.5,83.6,2.3,5.7,71.6,7.0,3.3,4.9,0.8,4.7
STU0105,18,5.7,45.0,86.4,2.7,10.0,81.0,7.0,3.7,5.5,0.0,1.0
STU0106,18,7.8,72.0,66.5,1.4,7.4,84.2,6.5,4.7,10.7,1.1,6.5
STU0107,22,5.6,71.7,61.1,0.6,7.2,55.4,7.2,2.6,0.0,3.8,5.8
STU0108,20,3.9,94.7,100.0,4.8,6.2,55.3,6.8,1.1,4.9,0.9,4.0
STU0109,22,5.6,73.4,79.1,1.7,6.4,87.7,6.9,4.8,4.1,2.3,6.3
STU0110,23,6.5,82.6,86.4,2.4,6.0,77.7,6.0,2.0,7.8,5.7,7.1
STU0111,24,6.0,79.7,60.2,3.8,5.9,69.2,8.0,1.8,6.1,2.7,3.6
STU0112,23,5.4,52.4,53.1,7.0,7.6,75.1,6.3,0.1,6.8,3.3,4.9
STU0113,24,6.4,87.2,64.7,0.9,4.6,67.6,5.2,3.7,6.0,1.4,8.5
STU0114,22,6.6,80.6,72.8,3.1,4.3,75.9,5.9,0.4,2.2,6.0,4.1
STU0115,23,7.0,84.1,55.8,1.6,4.3,63.0,6.4,1.7,8.6,2.0,5.6
STU0116,20,5.7,100.0,74.8,1.8,10.0,72.0,8.0,3.7,7.4,2.5,1.0
STU0117,17,4.2,53.0,44.6,1.6,7.6,45.3,6.7,3.9,7.7,4.8,2.5
STU0118,22,4.8,98.7,54.8,1.0,7.1,57.7,6.6,1.8,8.8,2.5,5.8
STU0119,24,6.7,74.6,87.1,2.4,4.4,57.8,5.3,2.6,6.3,2.9,8.0
STU0120,21,3.0,81.4,85.9,0.6,7.7,62.4,7.7,1.5,9.4,2.4,2.8
STU0121,24,5.2,77.5,67.9,3.7,6.3,54.1,6.0,2.0,6.1,2.4,5.6
STU0122,21,3.8,72.9,56.7,2.6,6.9,60.0,6.7,3.2,4.3,3.4,4.7
STU0123,18,4.6,71.2,56.5,3.0,4.5,45.3,8.6,2.0,5.0,3.6,7.4
STU0124,23,6.8,82.0,68.3,1.9,6.8,76.2,7.4,2.4,4.9,1.8,3.1
STU0125,21,4.8,59.8,86.6,2.0,5.7,66.8,4.8,0.6,3.4,1.7,6.4
STU0126,24,4.6,87.0,91.7,2.9,5.0,42.4,4.7,4.5,9.9,1.9,4.2
STU0127,18,2.1,73.0,66.1,1.0,8.0,55.5,6.7,3.6,5.9,0.7,5.9
STU0128,17,5.8,64.4,54.2,2.0,3.4,73.0,5.3,4.0,5.3,0.4,5.6
STU0129,20,5.7,72.6,79.8,1.4,7.6,59.9,7.6,4.7,6.2,3.2,5.0
STU0130,20,8.4,93.1,60.2,1.3,7.9,57.5,6.9,1.6,13.9,4.2,6.5
STU0131,20,3.9,71.6,65.7,0.0,4.7,66.9,7.0,2.3,1.6,4.1,5.6
STU0132,21,4.9,82.3,98.9,4.2,4.9,73.2,6.0,0.0,2.5,0.0,5.2
STU0133,17,4.9,69.2,89.9,1.6,6.1,46.5,8.9,7.5,0.9,2.4,4.8
STU0134,21,7.3,87.1,77.8,4.0,7.1,76.3,10.0,2.6,4.3,1.1,5.7
STU0135,23,4.3,86.2,52.1,3.9,6.2,56.0,6.5,4.4,5.7,3.0,5.9
STU0136,21,5.0,100.0,78.8,0.8,7.4,67.7,7.2,0.9,3.6,2.2,3.5
STU0137,17,5.6,75.9,94.1,1.1,10.0,67.5,6.9,4.3,3.4,3.7,4.8
STU0138,17,4.8,86.0,68.2,5.8,5.5,60.1,6.5,5.6,5.4,2.8,3.4
STU0139,23,3.7,79.2,99.3,4.8,3.1,52.6,5.8,2.7,3.5,0.0,5.4
STU0140,17,4.8,93.6,98.3,2.5,8.2,63.7,5.5,1.3,5.9,1.3,4.3
STU0141,24,6.4,69.4,100.0,2.8,9.9,92.4,5.4,2.6,8.3,2.8,7.0
STU0142,17,2.7,86.9,80.5,1.7,7.3,47.6,7.3,0.0,7.0,2.9,6.8
STU0143,20,4.7,75.7,85.6,3.1,4.3,93.4,6.2,2.7,7.6,0.7,3.7
STU0144,24,3.2,77.2,100.0,1.6,6.3,64.1,4.0,4.0,8.3,0.5,5.5
STU0145,24,6.7,79.1,83.1,0.0,4.3,68.5,7.3,2.7,5.8,2.9,6.8
STU0146,23,1.8,81.0,66.0,0.8,7.8,51.7,6.8,2.4,4.5,0.7,5.1
STU0147,19,3.5,76.6,66.9,2.5,3.8,56.4,8.4,3.6,2.7,0.3,4.0
STU0148,19,5.2,80.6,79.3,1.0,5.9,60.5,7.2,3.7,3.8,2.1,3.3
STU0149,17,7.3,96.9,51.8,2.4,4.5,52.3,5.0,0.3,3.4,2.1,7.2
STU0150,24,4.4,89.8,72.4,1.1,6.8,64.9,4.1,2.9,7.2,1.5,7.3
STU0151,19,3.5,88.4,94.7,1.5,5.8,61.9,5.9,6.5,6.0,1.7,5.1
STU0152,19,7.9,72.5,35.6,3.6,6.9,95.8,6.0,0.8,7.1,2.8,7.0
STU0153,17,1.9,67.3,100.0,2.8,6.5,50.5,7.9,2.7,1.5,1.7,1.0
STU0154,19,0.5,89.5,95.2,2.5,4.5,69.5,6.8,5.7,9.3,2.9,8.2
STU0155,21,5.3,88.5,66.7,3.6,7.8,71.7,8.2,4.5,3.7,2.2,5.2
STU0156,18,3.6,95.7,84.8,3.1,6.4,51.9,5.2,2.0,1.7,3.1,5.8
STU0157,23,2.7,70.8,75.1,4.4,4.5,78.3,8.0,3.1,3.7,4.1,4.9
STU0158,18,5.8,75.2,97.1,1.9,10.0,62.0,7.7,2.8,12.5,4.1,8.3
STU0159,17,4.9,58.3,92.7,1.9,7.5,30.6,4.4,1.7,3.8,4.7,3.4
STU0160,20,3.5,73.3,49.8,0.8,6.2,77.9,8.4,2.7,4.0,4.1,8.4
STU0161,23,2.2,90.0,85.6,1.9,9.3,51.2,6.9,2.4,4.4,3.2,6.3
STU0162,17,6.1,72.4,71.3,3.8,10.0,52.3,7.3,3.0,4.6,2.1,6.7
STU0163,24,5.7,85.7,76.5,4.2,6.2,78.3,5.8,1.7,2.7,2.2,4.8
STU0164,20,4.3,75.7,61.9,3.7,7.2,62.8,8.3,0.9,5.4,1.5,2.9
STU0165,18,7.8,81.9,100.0,0.2,4.5,81.8,5.4,2.7,8.2,2.8,7.4
STU0166,17,2.6,64.2,93.7,3.9,6.2,86.2,7.8,5.4,5.9,3.8,6.1
STU0167,24,1.8,79.0,61.7,0.1,6.1,58.3,7.8,2.9,1.7,1.7,8.2
STU0168,23,3.3,42.1,51.0,3.7,6.9,79.9,5.6,2.3,4.0,2.7,5.1
STU0169,23,4.4,75.8,68.1,2.0,7.2,56.7,9.2,3.9,3.3,1.8,4.7
STU0170,22,4.9,58.4,82.8,3.4,7.6,100.0,7.1,2.6,5.2,3.1,8.3
STU0171,24,4.1,92.5,79.3,0.8,7.0,57.6,7.6,5.6,9.0,2.0,9.3
STU0172,21,5.1,87.3,97.6,4.0,4.1,83.4,5.0,2.8,4.6,1.7,5.5
STU0173,19,2.2,83.6,89.2,0.6,4.6,80.7,9.3,3.9,4.7,1.8,4.0
STU0174,20,7.1,96.3,92.5,1.6,5.4,72.7,5.3,1.7,10.3,3.6,7.1
STU0175,24,4.4,66.6,80.9,1.2,5.9,57.9,8.0,3.6,7.6,2.7,5.0
STU0176,22,6.5,99.0,50.0,0.2,8.6,65.7,5.6,3.2,6.7,2.2,6.7
STU0177,19,5.1,89.2,71.5,2.6,4.2,35.7,6.1,2.7,10.9,3.2,5.0
STU0178,19,5.3,75.2,94.1,4.8,5.8,71.4,7.7,2.0,6.5,2.2,8.6
STU0179,17,5.5,91.6,74.1,6.0,8.4,73.2,8.0,1.8,0.0,4.5,4.1
STU0180,19,5.3,64.7,84.1,2.6,5.9,70.0,5.3,3.2,7.5,1.3,6.5
STU0181,21,5.7,68.1,69.3,4.0,7.4,25.0,8.1,3.7,0.2,2.5,4.5
STU0182,23,6.9,70.7,56.5,2.8,6.2,49.0,8.1,2.6,6.4,0.7,4.9
STU0183,22,4.9,71.7,72.8,3.1,7.0,56.8,5.7,3.2,0.0,2.3,4.7
STU0184,19,5.8,65.3,80.6,2.1,6.0,72.4,8.7,2.7,3.6,0.3,7.0
STU0185,17,4.3,92.7,63.2,2.8,7.8,72.3,5.1,2.9,3.9,3.9,7.3
STU0186,21,7.1,74.9,70.8,3.2,3.4,65.4,6.1,2.5,2.7,3.9,6.6
STU0187,18,3.3,82.2,58.1,1.7,5.8,77.5,7.4,2.8,4.0,4.0,5.3
STU0188,23,7.7,71.2,95.1,2.4,7.1,52.6,5.8,6.8,8.1,2.8,5.8
STU0189,23,4.4,56.2,69.7,2.4,7.6,77.2,7.1,3.3,2.9,1.5,7.3
STU0190,22,1.9,81.2,100.0,3.6,9.5,75.1,7.1,3.8,6.6,1.6,7.4
STU0191,23,4.7,55.1,100.0,1.1,5.7,73.7,6.6,3.5,2.1,5.1,1.0
STU0192,19,3.3,77.2,73.5,2.4,9.5,65.3,7.8,2.4,4.4,5.0,5.0
STU0193,17,6.0,61.6,56.8,5.0,5.2,95.5,6.5,4.7,6.0,3.0,5.1
STU0194,23,3.3,100.0,37.5,4.0,9.2,75.4,7.1,2.4,2.0,2.0,6.8
STU0195,23,3.7,88.9,48.5,4.3,8.1,53.5,8.2,4.4,1.1,4.9,5.4
STU0196,18,1.1,79.3,50.3,2.5,4.7,71.7,7.7,2.3,6.5,1.8,6.9
STU0197,18,3.7,93.2,99.8,2.9,7.1,79.3,7.7,1.4,8.4,3.1,3.3
STU0198,20,0.5,67.8,77.1,3.8,6.4,59.2,5.4,3.3,4.8,4.8,6.0
STU0199,21,1.6,84.5,82.0,4.5,7.8,84.3,7.4,1.1,3.6,1.5,7.3
STU0200,19,5.9,80.4,35.0,0.0,6.1,73.7,5.7,3.6,5.5,4.0,2.6
STU0201,23,5.9,81.2,53.4,0.8,5.9,32.9,5.3,1.0,5.2,3.6,10.0
STU0202,24,5.3,93.3,91.0,4.2,9.2,72.5,6.7,2.3,5.7,2.7,7.9
STU0203,23,2.8,86.8,80.2,2.1,6.3,61.9,5.7,0.7,0.0,1.3,5.5
STU0204,17,4.4,81.5,72.4,1.6,8.2,76.1,7.7,7.0,1.8,1.7,3.8
STU0205,20,4.5,58.1,85.2,0.9,6.0,82.2,7.8,0.3,2.5,3.2,5.1
STU0206,21,2.4,66.5,100.0,1.8,9.8,70.9,4.5,2.8,5.5,0.7,5.7
STU0207,24,7.2,76.5,71.0,0.7,5.1,93.0,5.8,4.5,5.6,3.0,6.4
STU0208,20,6.1,79.1,76.2,5.2,5.3,65.3,5.0,4.4,6.9,3.6,8.5
STU0209,22,4.1,64.4,78.5,2.5,9.5,77.4,6.2,4.1,5.8,4.3,4.5
STU0210,21,4.5,100.0,100.0,2.4,5.6,80.1,7.3,2.3,1.1,0.7,6.6
STU0211,23,4.9,96.2,37.2,3.3,9.7,66.5,6.5,4.8,9.3,4.8,2.9
STU0212,23,0.8,85.2,87.3,3.8,8.3,79.7,6.1,4.2,8.8,5.3,4.7
STU0213,21,4.1,78.9,72.9,3.7,6.2,59.1,8.4,3.1,1.2,3.4,6.3
STU0214,23,3.3,75.5,85.2,3.9,2.9,61.7,4.0,3.2,6.0,1.2,6.9
STU0215,19,2.7,66.6,63.2,1.7,6.5,48.3,8.3,2.3,3.2,2.3,4.0
STU0216,21,4.0,78.9,74.1,2.1,6.7,71.6,6.1,1.4,5.4,2.7,4.6
STU0217,20,7.7,81.1,87.8,3.5,8.8,72.9,6.7,4.7,8.2,3.2,8.4
STU0218,21,5.7,63.1,100.0,1.8,9.7,85.7,6.2,4.8,11.4,2.8,7.8
STU0219,24,3.5,82.0,89.5,2.5,5.1,79.9,8.7,1.5,7.3,3.2,5.9
STU0220,23,5.5,76.1,59.7,3.0,8.1,63.7,5.3,2.6,5.9,2.7,1.0
STU0221,19,7.0,55.1,67.4,3.5,8.0,50.3,6.8,2.6,4.0,3.2,10.0
STU0222,19,6.2,67.7,66.8,0.2,8.6,74.5,7.4,2.8,5.5,2.1,5.5
STU0223,22,4.6,73.0,42.7,3.4,7.5,84.7,4.9,2.9,9.1,2.3,4.9
STU0224,20,3.3,100.0,69.1,2.2,2.6,79.3,5.7,4.2,4.9,1.9,4.5
STU0225,18,5.8,84.7,88.2,3.4,6.2,84.3,6.6,1.7,2.3,5.7,6.3
STU0226,18,5.2,62.0,52.1,3.5,4.2,64.8,5.7,1.5,0.1,5.0,6.3
STU0227,21,6.1,83.8,93.9,4.6,6.1,61.0,5.8,4.7,6.5,3.6,7.4
STU0228,22,5.6,59.4,83.8,4.3,8.5,56.9,6.4,2.1,5.7,4.8,3.6
STU0229,17,6.4,91.0,61.8,4.3,7.1,67.2,7.6,0.9,3.1,4.0,4.9
STU0230,21,3.5,72.3,72.5,4.4,8.8,66.8,6.4,2.1,8.1,3.1,9.6
STU0231,22,6.9,76.9,100.0,2.9,7.2,71.1,8.1,2.3,3.7,0.5,5.9
STU0232,20,4.9,93.9,88.2,2.5,3.9,66.1,5.6,5.1,4.6,2.4,5.2
STU0233,20,8.2,62.6,75.2,3.6,1.5,66.0,5.3,4.2,5.0,2.3,3.6
STU0234,20,3.3,61.2,70.7,3.5,6.8,56.3,9.1,4.5,3.9,1.1,6.5
STU0235,20,7.6,71.0,76.4,2.1,6.1,82.1,6.0,4.0,5.7,0.6,7.6
STU0236,20,4.9,90.5,65.8,3.0,4.5,69.1,5.2,4.2,8.5,3.5,7.2
STU0237,22,3.3,59.8,37.1,2.5,3.1,65.4,4.7,1.8,1.6,3.3,5.0
STU0238,22,3.6,44.0,100.0,1.4,5.0,56.8,8.1,2.5,6.5,1.0,6.2
STU0239,19,3.9,72.6,77.8,4.2,6.1,48.0,6.4,1.3,5.5,1.7,8.8
STU0240,24,5.3,84.6,82.2,2.6,7.8,87.6,6.5,2.5,5.5,4.5,7.6
STU0241,18,5.4,92.4,74.0,5.2,6.9,76.3,6.6,3.8,7.6,1.5,3.9
STU0242,23,3.5,72.4,61.8,0.4,9.7,43.6,8.0,3.0,5.1,3.1,1.0
STU0243,20,4.5,73.1,71.7,1.8,4.4,79.4,6.6,4.8,6.4,2.5,6.1
STU0244,17,8.4,91.8,46.2,2.5,8.3,81.8,9.6,1.1,7.1,3.6,7.1
STU0245,23,7.6,55.6,100.0,4.0,6.6,69.9,7.0,3.6,3.5,1.5,3.3
STU0246,22,5.3,73.3,52.8,3.0,7.9,92.0,8.1,0.9,5.9,2.9,5.5
STU0247,17,4.6,80.3,56.4,2.9,5.6,71.3,7.8,2.9,4.2,3.1,5.0
STU0248,17,4.7,83.4,67.1,1.0,8.6,46.7,6.8,3.9,4.6,3.1,5.7
STU0249,17,5.6,71.9,98.2,1.0,7.1,73.5,6.1,2.5,4.0,2.9,4.4
STU0250,19,2.7,78.4,75.3,2.9,5.1,71.7,7.2,3.6,6.4,3.3,8.1
STU0251,22,4.0,48.1,52.7,0.7,6.5,59.0,7.4,1.4,5.2,6.1,5.8
STU0252,17,1.5,70.1,97.6,1.8,6.0,76.6,6.1,0.3,6.2,6.6,3.7
STU0253,20,5.2,83.4,88.2,3.2,7.5,43.0,7.0,3.6,4.9,1.8,7.3
STU0254,21,5.7,66.2,84.7,1.2,4.1,82.9,8.3,5.4,0.2,0.0,3.0
STU0255,17,3.6,78.7,87.9,4.6,6.4,54.8,9.3,1.3,5.1,3.7,8.1
STU0256,19,7.3,83.4,100.0,4.1,7.3,53.2,7.8,4.6,5.2,3.1,7.5
STU0257,23,2.3,73.9,100.0,0.5,6.6,66.3,9.0,2.9,5.7,4.4,8.3
STU0258,22,1.9,80.0,62.6,1.3,9.2,74.5,6.0,0.8,3.2,3.2,5.2
STU0259,24,4.9,66.4,100.0,0.0,8.0,70.5,7.6,1.1,1.4,2.9,4.5
STU0260,19,6.4,75.5,81.9,1.5,6.5,56.9,8.4,2.8,6.9,4.5,5.7
STU0261,17,7.5,85.3,84.0,3.5,6.9,60.4,5.7,2.2,4.2,4.7,5.3
STU0262,22,3.7,79.9,44.5,2.0,7.1,51.0,6.2,0.8,5.5,0.7,4.2
STU0263,21,6.4,71.0,71.9,3.1,7.3,64.6,8.9,0.3,4.2,1.6,4.4
STU0264,17,4.4,80.7,60.4,0.5,2.8,84.1,5.6,1.5,5.0,2.6,4.8
STU0265,19,4.2,86.6,89.9,3.5,5.9,67.9,5.2,3.1,3.7,2.9,3.2
STU0266,18,6.1,53.4,94.3,1.8,3.5,80.9,8.6,2.8,2.1,2.5,6.9
STU0267,20,5.7,91.9,37.7,2.5,9.1,89.8,8.2,2.0,6.4,3.5,5.4
STU0268,24,1.7,74.0,74.6,2.4,6.4,59.2,7.3,3.1,3.2,4.3,4.9
STU0269,23,7.2,83.1,95.2,0.8,6.1,65.2,6.7,4.4,5.5,5.4,3.3
STU0270,19,7.0,92.4,71.6,1.0,8.3,100.0,6.3,3.4,6.2,3.7,3.2
STU0271,22,3.4,61.5,88.1,3.8,7.3,89.7,7.1,2.6,3.2,1.5,9.4
STU0272,24,5.2,69.5,81.3,3.0,4.2,42.9,8.7,4.2,1.4,2.6,4.2
STU0273,24,5.4,74.5,81.1,3.9,6.4,73.8,7.1,1.4,12.3,2.7,6.7
STU0274,24,5.0,68.6,70.1,2.9,5.8,68.0,9.4,2.5,3.4,3.6,5.8
STU0275,17,3.5,98.8,53.1,2.7,3.0,80.4,5.7,2.5,6.9,3.4,1.0
STU0276,20,3.3,67.7,54.8,0.3,5.1,56.8,6.8,0.9,10.8,5.9,9.1
STU0277,17,4.5,71.3,87.8,2.1,6.1,55.4,6.4,2.2,7.4,2.1,6.9
STU0278,22,6.6,80.5,75.4,2.5,6.3,57.9,5.5,0.0,4.1,3.4,4.0
STU0279,17,5.5,63.6,72.5,5.0,3.5,59.4,6.6,5.7,4.8,6.3,5.4
STU0280,18,3.8,73.3,67.4,3.4,8.8,80.2,7.3,1.4,2.5,1.9,3.2
STU0281,20,5.9,81.8,69.5,4.5,6.3,50.3,7.4,5.2,7.6,3.0,9.2
STU0282,20,0.5,74.0,93.8,3.3,6.6,58.7,9.4,2.9,6.7,1.4,3.7
STU0283,22,6.6,76.9,69.0,1.6,7.3,41.2,7.4,3.6,3.5,2.9,4.5
STU0284,23,1.4,71.6,50.9,2.7,4.9,83.1,8.2,2.1,1.9,1.6,4.0
STU0285,18,3.8,59.8,88.4,2.8,7.4,87.1,6.9,3.1,1.0,4.4,5.7
STU0286,19,2.5,81.9,71.3,1.3,5.8,63.1,8.8,3.8,8.0,3.0,8.2
STU0287,17,2.2,99.1,75.6,2.0,4.7,63.5,9.7,3.8,5.4,1.4,9.1
STU0288,21,6.6,78.2,100.0,2.2,7.6,74.8,7.4,4.0,5.6,4.1,4.7
STU0289,17,3.7,80.7,74.6,4.6,9.5,90.1,5.6,2.2,2.5,3.1,6.3
STU0290,24,5.1,86.3,80.2,0.0,7.9,74.1,6.1,2.1,0.6,4.2,5.7
STU0291,17,4.4,62.8,53.8,4.1,8.3,57.5,7.1,0.4,7.9,1.1,3.5
STU0292,19,5.4,98.4,71.0,1.3,5.5,43.7,7.3,3.6,5.1,3.4,10.0
STU0293,17,4.6,80.4,86.0,0.7,3.3,51.3,7.6,4.4,7.7,4.0,8.2
STU0294,18,2.2,97.6,47.0,4.0,9.5,69.1,7.4,5.2,3.8,2.2,5.9
STU0295,18,6.3,69.2,78.6,3.5,10.0,58.2,6.8,3.3,4.3,0.9,8.7
STU0296,20,3.6,99.8,76.8,4.1,9.6,70.9,6.0,1.7,7.1,2.7,7.9
STU0297,22,1.7,87.3,75.7,3.5,5.8,59.7,7.3,0.3,7.2,4.6,5.7
STU0298,23,3.7,84.6,93.7,5.2,4.2,52.1,9.0,4.4,7.4,4.5,6.2
STU0299,21,7.2,80.8,81.0,3.2,4.4,50.3,8.0,0.1,4.1,2.2,8.5
STU0300,24,6.0,75.0,100.0,2.3,3.1,91.4,7.4,2.3,6.8,0.9,3.6
STU0301,17,3.9,92.4,57.1,2.9,6.3,81.3,8.0,2.5,8.3,2.2,8.8
STU0302,17,3.9,79.7,77.4,4.1,9.7,94.0,6.4,2.7,4.7,2.1,5.0
STU0303,19,3.9,54.4,76.5,1.5,6.2,76.1,6.2,2.9,3.5,3.5,8.5
STU0304,22,8.2,64.6,55.8,1.7,7.1,61.6,5.9,3.0,9.0,2.6,5.5
STU0305,18,5.2,75.8,92.2,2.1,9.3,87.9,6.6,0.0,3.0,1.7,6.2
STU0306,21,5.3,81.7,100.0,0.0,5.7,67.5,6.3,2.8,6.9,4.5,5.4
STU0307,20,6.4,77.3,74.7,2.7,10.0,71.3,8.2,0.0,4.8,3.0,4.4
STU0308,18,4.9,92.6,84.1,0.0,10.0,67.4,6.2,3.9,0.0,3.5,5.0
STU0309,24,4.0,54.6,76.5,2.6,6.2,25.0,5.8,2.0,8.4,0.2,8.3
STU0310,22,4.1,79.7,62.2,3.6,5.3,92.1,9.1,0.0,0.0,0.0,1.0
STU0311,24,4.4,56.2,42.2,1.9,7.9,75.4,6.3,1.6,0.0,0.6,3.0
STU0312,23,4.4,87.1,62.3,4.7,5.8,72.9,7.0,1.9,6.6,2.1,4.0
STU0313,20,5.8,76.9,49.9,0.6,4.2,67.1,7.3,4.6,6.6,3.7,3.3
STU0314,23,4.6,83.0,100.0,4.0,9.1,70.5,5.4,3.1,3.1,0.0,8.5
STU0315,19,5.8,67.6,72.9,3.4,8.9,59.0,8.3,3.3,5.4,5.2,8.0
STU0316,24,4.4,93.4,68.8,0.3,6.8,77.2,7.6,4.6,0.0,3.1,6.7
STU0317,19,4.6,90.5,91.0,6.0,4.0,48.4,8.7,2.7,7.1,4.8,4.2
STU0318,17,0.9,85.0,54.8,2.4,4.0,70.8,6.0,3.9,5.7,1.5,8.2
STU0319,23,6.1,76.4,61.2,1.4,6.7,76.4,6.9,3.8,4.9,3.6,2.3
STU0320,22,5.1,85.0,76.2,0.7,5.5,65.0,6.8,0.9,5.1,2.9,9.8
STU0321,24,6.3,69.5,93.5,2.2,5.8,73.6,7.1,5.0,6.5,4.0,4.1
STU0322,21,0.5,88.3,84.0,2.3,8.5,53.1,5.1,0.7,4.9,2.4,5.0
STU0323,20,8.3,97.8,79.5,2.6,8.0,53.5,6.9,4.2,0.0,3.5,4.6
STU0324,18,4.2,90.8,76.4,2.1,9.3,71.6,5.1,0.5,11.6,4.5,3.4
STU0325,22,6.5,69.2,82.2,3.3,4.5,78.2,7.2,3.7,8.6,1.8,9.4
STU0326,22,2.6,82.3,78.6,2.0,5.8,39.9,4.2,5.6,1.1,3.2,7.1
STU0327,19,5.6,62.5,56.5,0.0,8.0,75.8,4.6,2.5,4.0,0.0,7.9
STU0328,23,2.6,84.9,75.8,2.3,7.4,59.9,7.8,2.4,4.3,3.9,3.1
STU0329,24,3.4,83.4,55.7,0.0,9.6,65.1,6.1,3.7,8.2,5.7,5.9
STU0330,24,7.9,55.6,76.5,3.0,7.3,47.9,5.6,2.3,0.0,0.9,6.5
STU0331,17,4.2,64.1,66.3,1.2,10.0,55.2,8.3,5.5,3.5,2.7,6.0
STU0332,17,4.9,74.6,100.0,2.7,7.6,82.5,7.2,3.1,0.0,4.1,3.2
STU0333,20,6.1,74.4,74.3,4.2,8.6,68.5,7.8,2.3,4.1,2.8,7.7
STU0334,19,5.4,63.5,49.7,1.3,5.9,62.3,6.6,2.0,3.6,3.0,5.7
STU0335,22,4.8,,72.6,3.9,6.5,66.3,10.0,1.4,5.2,2.2,3.6
STU0336,24,5.2,81.0,84.3,1.9,8.3,75.3,6.1,1.9,3.2,2.2,1.8
STU0337,21,8.8,75.7,100.0,4.8,9.7,74.6,8.9,2.3,2.7,2.7,6.7
STU0338,19,4.4,68.9,64.4,2.0,8.0,66.9,6.7,2.1,6.9,2.9,10.0
STU0339,20,4.9,90.6,46.5,1.4,6.3,84.4,4.8,1.8,6.4,1.0,3.5
STU0340,20,6.4,97.9,89.7,3.4,9.3,82.6,7.4,5.9,6.7,2.7,5.8
STU0341,19,6.5,72.2,50.1,1.9,2.1,74.2,7.2,1.3,4.5,5.2,7.7
STU0342,20,6.6,70.7,67.1,1.4,3.7,68.8,5.5,3.0,3.3,2.2,3.0
STU0343,19,5.6,83.9,70.4,1.9,7.9,77.9,5.7,3.7,4.6,0.9,4.5
STU0344,18,2.4,73.7,73.7,2.4,6.5,72.7,6.8,3.7,6.5,2.6,3.8
STU0345,19,7.4,76.3,87.4,4.2,7.7,83.9,7.2,2.7,0.0,1.7,7.5
STU0346,23,2.4,86.9,62.7,0.0,6.6,81.5,4.0,2.4,6.2,0.8,8.2
STU0347,19,5.0,55.1,70.1,2.5,7.6,52.7,8.1,3.5,5.9,3.0,5.8
STU0348,20,3.1,93.8,74.7,3.3,4.9,51.7,6.2,3.2,5.2,1.7,3.8
STU0349,24,4.4,78.9,77.7,2.8,7.6,57.5,5.2,2.4,4.6,1.9,4.6
STU0350,23,5.1,73.1,76.8,4.2,8.5,82.6,7.9,0.5,0.0,3.0,4.2
STU0351,20,5.1,76.9,82.8,2.4,8.9,44.4,6.8,2.1,3.7,0.5,3.5
STU0352,17,5.3,77.5,90.2,2.3,10.0,73.9,8.3,1.1,10.4,0.2,5.3
STU0353,17,7.4,57.2,82.1,3.3,7.0,73.4,7.3,1.8,5.0,3.8,6.6
STU0354,24,5.3,95.9,83.2,2.6,7.0,85.4,6.8,2.8,4.1,0.0,6.5
STU0355,24,4.1,78.5,46.5,2.0,3.5,70.7,6.6,3.3,5.1,1.3,5.5
STU0356,23,6.2,83.3,75.9,3.2,5.4,47.9,7.4,5.5,6.1,0.1,5.6
STU0357,18,6.6,89.4,83.6,1.7,6.1,53.6,6.3,2.0,7.0,2.1,5.3
STU0358,24,2.3,65.7,88.1,1.7,8.6,50.3,5.8,4.0,4.3,3.4,2.9
STU0359,17,5.6,83.7,62.5,1.8,5.3,59.9,7.5,3.3,6.3,3.0,5.8
STU0360,19,5.8,74.8,63.1,4.3,8.1,65.3,6.6,4.7,10.0,6.4,4.3
STU0361,20,4.0,88.2,64.7,0.0,6.5,50.5,6.8,3.7,8.0,4.4,2.8
STU0362,17,7.0,52.5,84.7,3.0,6.1,90.1,8.1,1.3,12.0,1.4,6.2
STU0363,17,4.2,76.8,93.6,2.5,7.0,48.1,6.7,0.2,3.0,1.0,4.3
STU0364,18,4.7,70.8,67.7,0.3,5.7,88.2,6.8,3.3,10.0,6.9,6.0
STU0365,23,4.2,83.2,91.3,2.9,5.6,85.8,6.1,2.0,2.6,4.4,7.2
STU0366,23,4.5,83.6,77.2,3.1,3.1,81.5,7.3,1.3,6.1,3.7,3.6
STU0367,22,2.5,69.5,72.8,3.3,6.0,57.6,7.2,0.9,7.2,2.9,5.7
STU0368,18,1.9,69.5,71.2,0.0,5.5,73.1,7.9,3.0,3.5,3.2,1.9
STU0369,19,7.4,76.7,88.4,4.3,5.5,48.8,6.1,5.1,5.3,0.6,8.6
STU0370,23,3.0,67.2,80.9,1.5,7.3,81.7,6.3,2.2,7.7,3.0,2.8
STU0371,20,2.7,88.1,100.0,3.4,7.8,66.9,7.8,3.7,2.9,2.9,4.5
STU0372,24,0.6,73.6,59.7,3.5,7.0,61.9,7.1,2.6,10.0,1.4,8.2
STU0373,18,3.3,43.1,84.3,1.4,8.5,49.6,5.7,0.9,0.8,2.0,5.0
STU0374,24,2.1,73.5,65.5,3.4,7.7,30.8,8.4,3.9,10.8,5.1,3.1
STU0375,17,7.5,65.5,59.4,2.0,5.9,52.4,4.8,1.2,8.0,2.6,6.9
STU0376,20,6.3,58.4,74.8,0.0,5.6,84.7,7.7,2.8,4.7,5.9,6.9
STU0377,20,3.3,63.2,77.5,4.0,7.1,62.0,5.3,2.3,3.8,0.2,4.2
STU0378,17,8.6,79.3,100.0,1.5,7.6,65.5,9.1,4.1,3.5,2.0,4.5
STU0379,18,6.3,93.9,71.7,1.4,9.3,77.8,4.9,1.2,4.6,0.5,4.6
STU0380,17,3.9,81.8,54.7,2.0,8.9,95.1,8.2,3.4,4.9,1.0,5.1
STU0381,24,0.5,70.7,79.9,2.9,5.4,87.9,6.7,1.5,8.8,1.6,1.7
STU0382,22,8.6,83.5,37.7,2.4,6.3,53.4,6.4,2.0,10.9,3.3,5.1
STU0383,20,2.0,72.5,73.3,3.2,7.8,38.9,7.0,0.0,5.6,3.2,9.1
STU0384,21,1.5,69.7,75.3,0.8,8.6,100.0,7.6,5.9,2.5,1.8,3.7
STU0385,21,6.3,64.1,89.3,1.5,8.4,100.0,5.7,3.6,3.4,0.0,4.3
STU0386,24,8.9,57.0,92.5,2.3,6.4,70.8,5.8,1.6,4.5,5.0,3.1
STU0387,19,7.0,73.3,65.9,5.0,4.0,48.9,7.6,1.1,1.9,2.4,6.7
STU0388,23,5.5,79.9,72.3,2.4,4.5,82.4,4.8,2.1,1.5,1.1,7.9
STU0389,17,5.6,76.8,61.2,3.9,7.0,66.4,6.1,3.9,11.3,3.2,7.9
STU0390,17,6.0,73.0,54.7,2.6,7.2,66.3,10.0,0.0,5.9,3.1,3.0
STU0391,19,5.9,66.7,80.6,1.9,4.3,81.4,5.6,2.6,2.5,2.3,6.5
STU0392,19,5.0,,52.1,2.2,6.6,73.0,8.2,5.5,7.4,3.0,8.4
STU0393,24,4.7,62.2,67.5,2.3,7.8,50.2,6.1,1.1,1.5,1.1,6.5
STU0394,24,4.4,87.3,57.1,3.3,4.2,63.1,7.4,2.9,1.7,3.9,6.5
STU0395,19,3.1,66.0,84.9,4.3,8.7,77.9,7.6,6.1,2.6,1.3,4.6
STU0396,20,4.0,69.0,100.0,3.0,5.7,75.7,8.2,3.7,10.0,1.9,5.9
STU0397,24,1.5,60.4,51.6,4.0,9.0,71.9,6.6,3.0,4.2,3.8,8.0
STU0398,22,4.3,72.0,41.6,1.2,5.4,82.0,9.2,3.6,0.0,4.6,6.2
STU0399,24,2.7,89.7,72.8,2.0,4.4,62.6,6.1,2.2,8.6,5.2,3.0
STU0400,17,2.5,84.2,75.3,1.6,5.6,70.7,7.1,4.7,4.1,4.4,4.6
STU0401,24,4.8,89.7,78.9,2.9,6.3,25.0,7.1,2.2,0.0,2.3,7.9
STU0402,20,7.0,84.3,67.0,2.0,5.7,61.3,5.5,0.0,4.0,0.5,6.1
STU0403,19,6.2,64.8,71.4,3.4,6.1,79.5,6.5,2.2,6.6,4.9,5.7
STU0404,17,1.7,74.0,81.6,1.3,7.2,62.1,7.0,1.3,6.2,4.9,4.4
STU0405,24,2.7,68.6,93.7,2.6,6.2,61.0,6.3,2.4,10.4,1.8,7.9
STU0406,20,6.2,94.0,39.8,3.4,6.4,52.4,9.7,2.4,2.4,4.2,8.8
STU0407,22,2.7,63.6,68.4,0.0,3.1,83.1,5.8,4.6,5.1,2.3,8.0
STU0408,24,4.1,88.7,78.8,5.3,7.3,76.2,8.2,3.8,2.9,5.1,8.4
STU0409,20,5.5,88.7,58.5,2.1,6.3,80.4,7.8,3.2,0.4,2.0,4.8
STU0410,22,2.8,100.0,100.0,0.0,9.7,42.1,6.8,2.8,7.7,5.8,4.5
STU0411,19,4.7,73.1,63.6,2.7,4.6,65.6,5.8,1.2,6.4,4.0,5.2
STU0412,24,2.1,86.5,74.3,2.5,2.9,63.8,5.9,0.0,5.9,5.5,5.6
STU0413,22,3.4,100.0,85.0,2.4,7.7,63.8,6.2,3.0,6.3,2.1,8.4
STU0414,17,5.1,70.6,64.4,3.8,7.2,58.8,4.7,4.0,2.9,3.4,7.8
STU0415,19,1.6,59.6,41.8,3.5,4.5,62.8,5.6,2.6,2.0,1.3,6.6
STU0416,17,5.3,55.4,67.3,2.9,3.4,80.7,5.0,2.0,5.1,4.1,2.6
STU0417,21,4.5,86.6,93.5,3.1,9.6,39.3,8.4,3.5,8.5,4.1,2.1
STU0418,18,5.5,55.4,68.9,2.4,9.3,94.7,7.5,2.7,9.8,6.4,6.0
STU0419,24,4.9,73.5,59.8,4.8,1.5,75.3,7.7,5.3,7.4,3.5,7.3
STU0420,22,7.0,83.2,91.7,0.6,5.6,67.4,7.5,4.6,5.1,3.9,5.3
STU0421,18,4.7,80.2,69.0,2.7,9.8,81.6,7.0,4.2,5.8,2.1,9.3
STU0422,18,3.7,83.1,65.8,2.6,5.5,46.2,8.6,3.9,5.0,3.6,3.3
STU0423,22,4.7,80.7,77.7,3.6,5.5,58.0,6.1,0.9,1.9,2.2,3.1
STU0424,19,5.5,93.3,88.9,1.4,5.9,66.2,6.9,3.8,5.1,3.0,4.2
STU0425,24,4.6,66.6,100.0,0.2,4.3,88.5,7.7,3.4,1.0,3.1,4.1
STU0426,21,4.6,69.9,89.9,2.7,3.1,67.3,5.2,3.7,4.6,2.3,6.6
STU0427,17,3.2,68.7,95.9,2.9,8.6,74.8,10.0,3.5,9.9,2.9,4.7
STU0428,20,3.3,88.0,65.9,4.4,2.8,59.2,6.8,3.5,7.5,2.2,2.4
STU0429,17,2.0,88.8,56.5,0.8,7.0,75.3,7.0,6.9,2.2,2.2,7.3
STU0430,20,7.6,83.4,76.1,4.0,8.3,93.2,8.3,2.7,4.8,4.4,2.0
STU0431,17,2.3,92.2,76.9,5.6,3.6,82.9,7.9,4.2,2.5,3.1,3.4
STU0432,22,3.3,63.9,55.6,2.0,4.7,66.8,6.8,2.1,4.8,3.3,2.3
STU0433,21,3.2,98.0,71.8,0.8,8.9,78.1,7.0,4.0,8.1,0.6,5.9
STU0434,24,6.1,96.3,82.2,2.0,7.6,76.7,5.0,4.2,7.0,3.4,5.9
STU0435,20,4.0,86.8,81.5,2.5,5.3,75.6,6.1,3.3,12.5,3.6,9.3
STU0436,24,6.7,99.4,84.1,3.2,8.9,84.7,7.4,5.3,8.6,2.2,7.3
STU0437,24,3.3,58.1,80.2,1.7,8.9,84.6,7.3,1.5,5.6,5.9,8.4
STU0438,24,5.0,71.7,65.9,4.5,7.0,66.1,8.3,2.1,7.0,0.0,6.1
STU0439,23,3.0,69.2,65.7,1.1,4.7,77.6,6.7,3.1,4.4,4.0,3.5
STU0440,19,8.4,86.7,53.4,0.2,5.7,62.3,5.1,4.1,1.6,3.9,5.8
STU0441,17,2.4,65.4,100.0,3.9,7.1,54.2,8.1,3.1,8.9,3.6,6.7
STU0442,24,5.1,87.1,75.2,0.0,6.1,64.0,8.5,4.7,8.0,3.1,6.9
STU0443,17,5.6,94.4,71.0,2.2,8.4,66.9,7.9,1.8,4.3,3.6,4.6
STU0444,24,5.2,86.3,58.3,6.6,3.4,43.1,6.6,1.1,5.8,4.1,6.5
STU0445,20,4.2,81.4,100.0,2.5,3.5,80.9,8.1,3.3,8.7,1.7,3.6
STU0446,19,4.3,66.1,55.7,1.0,6.9,26.5,10.0,2.7,7.5,3.2,3.4
STU0447,19,4.6,67.8,67.3,2.4,5.5,100.0,6.9,3.6,0.6,2.5,3.3
STU0448,22,4.2,93.0,82.5,2.4,5.2,90.5,5.2,2.8,5.7,1.2,5.5
STU0449,23,6.2,87.4,85.8,2.7,3.0,64.1,6.1,2.3,4.5,3.9,3.1
STU0450,22,8.5,77.5,92.2,3.4,6.5,68.1,7.6,2.7,8.3,2.0,4.7
STU0451,22,3.5,73.0,100.0,1.1,6.4,72.5,4.9,2.8,8.1,0.6,7.3
STU0452,22,2.0,53.7,84.1,4.7,7.8,59.2,7.0,2.3,9.0,2.0,3.4
STU0453,22,4.3,65.1,56.0,2.8,6.6,70.9,7.3,2.5,1.6,1.6,4.5
STU0454,22,9.1,100.0,70.4,3.4,6.2,65.8,8.6,2.2,2.6,4.3,5.6
STU0455,21,3.1,62.6,80.5,1.7,8.9,66.6,8.4,4.1,8.3,3.0,6.0
STU0456,19,7.5,80.3,100.0,4.2,3.9,70.7,7.8,3.1,3.2,4.9,4.5
STU0457,22,7.5,90.1,49.8,2.2,7.6,48.3,4.2,6.2,0.4,1.8,7.1
STU0458,24,3.5,62.9,96.6,2.9,3.2,68.6,7.9,3.0,6.6,4.1,6.7
STU0459,19,5.5,80.2,78.2,1.3,4.8,70.5,7.6,2.0,3.4,7.1,7.8
STU0460,19,7.4,89.3,90.1,1.2,4.1,69.9,7.1,6.8,10.4,3.3,5.3
STU0461,18,3.8,78.1,73.2,3.4,8.1,64.8,4.7,3.4,5.9,4.1,4.5
STU0462,21,4.1,100.0,59.8,1.9,6.4,85.1,5.9,4.3,5.5,3.8,4.1
STU0463,22,3.5,58.0,88.5,1.4,6.5,62.7,5.4,3.7,3.9,0.7,6.1
STU0464,17,2.7,90.7,86.8,1.7,4.3,71.4,4.4,3.7,9.8,3.7,4.7
STU0465,20,3.3,75.9,92.5,3.4,5.9,87.5,6.8,3.6,6.1,3.3,4.4
STU0466,23,2.3,87.3,74.8,1.7,5.0,66.8,5.8,1.1,3.8,2.4,4.6
STU0467,24,4.6,83.3,64.2,2.3,7.3,71.2,10.0,3.4,2.6,1.5,4.1
STU0468,17,3.1,69.2,46.9,2.5,4.5,66.6,6.6,0.8,4.8,3.8,5.9
STU0469,21,4.9,80.7,89.7,0.0,9.2,86.6,8.4,2.5,2.1,1.3,2.7
STU0470,20,1.7,55.7,82.6,0.6,3.1,64.1,4.9,1.7,8.1,6.0,6.1
STU0471,21,5.1,85.2,57.6,2.9,4.9,87.3,6.2,3.3,0.0,3.0,6.9
STU0472,24,6.0,81.6,65.3,1.5,9.9,66.4,6.9,3.3,4.6,1.0,4.3
STU0473,19,0.9,85.7,66.6,3.9,5.6,55.1,5.7,3.5,6.8,2.0,9.3
STU0474,20,5.2,90.7,48.3,3.8,3.9,78.2,6.3,3.2,6.0,2.4,5.5
STU0475,19,6.7,82.4,60.3,3.4,6.9,63.4,6.5,1.9,2.8,6.4,2.4
STU0476,24,2.3,79.8,54.6,4.9,5.5,77.3,6.5,2.4,7.0,1.5,4.9
STU0477,17,7.5,67.4,67.6,2.4,4.8,27.1,9.0,4.2,2.3,2.6,5.6
STU0478,24,5.3,69.5,61.7,3.3,4.3,68.1,7.3,4.4,4.9,2.0,6.4
STU0479,17,3.2,92.2,45.7,1.7,10.0,61.1,7.4,1.1,7.0,3.5,5.0
STU0480,20,4.4,95.2,100.0,5.7,6.0,52.1,7.4,0.5,6.4,2.0,3.5
STU0481,20,5.5,75.1,97.5,5.1,2.6,59.7,7.5,1.7,3.0,1.1,3.3
STU0482,22,4.6,78.6,61.0,2.5,9.5,59.4,6.7,4.4,8.6,2.5,4.2
STU0483,21,5.5,67.1,79.9,3.0,7.7,67.3,6.4,4.6,5.3,2.4,4.4
STU0484,22,2.8,92.1,82.5,4.3,5.0,47.5,7.0,1.4,7.2,1.9,3.2
STU0485,21,4.8,86.0,96.4,2.3,4.6,72.7,8.2,3.3,9.6,2.0,4.0
STU0486,22,2.0,100.0,60.3,1.6,7.8,88.5,8.2,5.6,8.4,4.6,6.8
STU0487,19,4.3,67.5,94.7,3.6,6.0,72.2,6.5,3.4,8.4,2.3,8.8
STU0488,20,2.9,73.5,65.1,2.6,2.6,80.1,7.7,4.9,5.6,1.1,7.0
STU0489,17,3.2,80.8,51.0,2.7,10.0,84.4,6.6,4.3,7.4,2.1,8.1
STU0490,21,6.7,85.8,88.0,1.4,5.6,86.5,6.8,1.4,5.6,2.9,7.4
STU0491,24,6.5,75.4,98.2,0.3,9.5,96.1,6.2,2.5,1.4,0.8,7.2
STU0492,21,5.6,67.5,100.0,2.8,9.1,60.5,6.6,2.9,5.9,5.2,4.8
STU0493,17,2.5,88.6,53.4,3.7,4.5,57.2,8.4,3.0,5.8,4.1,5.8
STU0494,22,3.9,86.7,87.6,2.2,8.6,79.8,6.9,4.2,6.8,4.9,4.7
STU0495,21,6.7,67.0,67.6,4.4,5.2,78.6,7.0,3.4,4.6,3.4,5.1
STU0496,23,4.8,94.3,89.1,1.6,2.8,79.6,5.1,0.0,2.7,0.0,5.6
STU0497,19,8.7,92.0,48.5,1.1,5.7,96.3,6.4,0.8,7.0,5.1,6.9
STU0498,20,5.2,79.6,52.3,2.4,7.3,68.2,6.5,0.0,1.1,1.5,6.3
STU0499,17,4.8,79.0,61.0,2.4,5.6,74.4,5.8,3.1,9.4,1.6,5.2
STU0500,20,3.9,84.6,76.4,3.5,5.9,53.3,6.8,3.2,4.3,3.0,5.6
STU0501,23,4.7,67.7,63.5,1.5,8.8,100.0,6.3,3.2,5.7,4.9,6.4
STU0502,21,4.2,78.4,86.9,4.3,6.7,63.0,6.9,1.4,6.7,4.4,6.8
STU0503,21,5.8,52.2,93.5,5.1,4.8,63.4,6.9,3.8,6.8,4.2,2.5
STU0504,24,6.2,88.5,85.8,2.4,7.9,62.8,5.7,3.9,0.8,2.3,3.3
STU0505,23,3.1,59.3,100.0,4.1,6.9,58.3,6.3,0.9,7.5,2.3,7.7
STU0506,17,2.1,96.0,82.5,1.1,1.5,57.1,6.9,0.6,5.9,3.3,5.4
STU0507,24,1.2,74.0,53.1,3.9,7.4,60.1,8.2,2.8,3.1,2.6,4.7
STU0508,19,5.4,75.5,99.5,3.9,7.3,47.5,7.1,5.5,2.8,4.1,5.0
STU0509,24,2.5,70.5,64.1,3.6,6.5,56.2,6.0,5.3,4.0,4.0,5.0
STU0510,18,0.6,74.5,91.4,2.5,8.3,97.2,7.3,3.6,1.1,3.7,6.6
STU0511,17,5.2,95.0,100.0,0.0,5.2,79.0,8.8,1.7,10.2,0.0,3.3
STU0512,18,9.0,48.1,83.2,1.7,7.2,81.9,7.9,4.1,9.5,3.0,5.5
STU0513,23,4.5,93.3,48.1,1.7,3.4,85.7,7.5,2.1,6.4,2.6,6.0
STU0514,22,6.0,82.1,58.5,1.2,7.3,95.5,7.7,1.6,4.3,3.1,6.3
STU0515,18,4.6,63.5,98.8,2.7,10.0,41.4,8.5,0.0,4.4,1.7,5.9
STU0516,19,4.3,65.1,72.0,2.0,4.5,49.6,8.1,3.0,7.3,0.8,6.5
STU0517,24,6.2,98.1,76.4,1.4,5.0,55.9,7.5,1.9,10.3,3.5,4.4
STU0518,22,4.0,66.7,88.7,1.1,5.1,61.0,8.1,2.9,3.3,2.3,3.6
STU0519,24,5.0,64.2,87.5,1.6,6.8,,5.5,0.0,1.6,3.7,10.0
STU0520,18,5.1,91.6,80.0,4.0,4.4,61.3,5.0,3.1,9.6,1.8,4.9
STU0521,24,3.3,82.1,71.2,1.6,7.3,71.3,7.0,0.0,0.0,4.9,5.1
STU0522,23,6.3,66.7,69.4,1.8,8.2,68.5,6.9,4.4,2.0,4.3,6.9
STU0523,22,4.2,80.6,90.4,1.9,7.6,57.2,6.1,3.6,4.3,3.2,8.7
STU0524,23,3.1,65.7,85.0,2.9,3.0,35.4,7.8,2.4,0.3,2.5,4.4
STU0525,18,5.5,91.2,70.4,3.1,8.5,53.1,4.6,3.6,8.3,4.1,3.5
STU0526,23,2.9,90.7,94.5,0.0,8.4,59.8,6.2,1.3,7.6,3.4,3.0
STU0527,19,4.6,84.4,72.7,3.8,8.2,64.3,6.2,2.9,3.3,3.2,8.7
STU0528,18,4.5,82.3,59.7,4.4,7.2,51.1,4.8,4.0,8.8,4.4,3.4
STU0529,18,6.5,99.1,61.3,1.1,6.9,60.6,8.6,0.0,9.3,4.9,5.4
STU0530,18,5.4,78.0,57.4,1.2,8.6,51.0,5.2,2.1,4.7,0.9,3.5
STU0531,17,4.5,63.8,70.1,1.9,10.0,66.1,6.1,2.8,3.6,1.2,2.6
STU0532,24,6.0,83.4,97.2,1.5,4.6,51.9,7.9,2.5,11.8,1.6,4.9
STU0533,17,7.0,100.0,60.5,2.8,8.7,55.3,7.6,5.0,7.2,0.5,3.6
STU0534,17,5.5,65.8,78.4,0.0,6.3,48.4,5.5,1.1,5.8,2.7,4.1
STU0535,19,4.5,73.7,63.2,1.0,6.2,65.7,7.6,1.9,9.1,3.7,9.5
STU0536,22,2.1,83.0,70.3,4.5,3.4,55.0,7.1,0.0,5.9,2.8,6.3
STU0537,24,2.6,77.4,47.8,1.3,5.9,81.6,9.6,5.1,3.5,2.0,7.4
STU0538,23,4.0,66.2,71.0,4.1,4.5,74.1,7.3,2.4,5.2,4.5,7.1
STU0539,21,3.4,91.5,71.5,3.0,5.6,67.0,6.6,2.1,8.1,3.0,5.3
STU0540,18,4.2,100.0,84.7,0.1,4.3,56.0,5.8,2.7,0.0,3.3,4.6
STU0541,23,4.6,80.4,79.0,3.3,5.6,73.7,5.9,3.8,4.1,4.5,6.0
STU0542,18,5.5,67.2,53.4,2.3,5.7,78.4,5.8,3.3,9.1,2.6,5.8
STU0543,19,4.4,59.4,94.5,1.9,6.7,70.1,8.4,6.8,3.5,5.9,4.4
STU0544,18,5.4,81.1,78.8,2.8,3.3,92.1,6.8,3.5,9.6,2.1,5.8
STU0545,17,4.6,91.2,78.6,3.1,3.6,74.9,7.5,2.1,9.2,5.8,4.1
STU0546,24,0.9,83.7,74.8,3.4,7.2,81.7,8.6,2.0,4.8,1.3,5.2
STU0547,21,2.8,78.0,65.7,4.0,4.9,70.0,4.0,2.2,3.3,3.6,4.8
STU0548,20,4.2,70.9,78.9,3.0,8.6,78.1,8.3,0.5,4.1,1.8,3.0
STU0549,18,2.3,64.9,83.6,0.7,7.0,56.0,6.9,2.9,13.0,4.5,1.0
STU0550,23,5.6,88.0,43.6,1.9,7.7,61.1,7.3,4.0,10.6,2.1,3.6
STU0551,17,7.3,89.0,65.3,6.3,9.3,73.2,5.8,1.9,5.4,3.2,9.1
STU0552,20,6.7,59.5,70.4,3.4,5.9,73.1,5.9,1.6,3.2,1.8,4.9
STU0553,21,4.1,97.1,79.6,5.6,5.4,75.6,7.4,5.1,5.4,4.2,7.1
STU0554,20,7.2,84.9,96.5,4.3,8.2,84.5,9.7,0.7,5.7,1.8,1.3
STU0555,17,4.8,94.8,61.1,2.8,7.5,46.6,8.0,0.0,1.3,5.3,3.5
STU0556,24,3.9,61.9,66.0,2.9,6.1,53.4,8.3,1.1,5.2,1.3,2.8
STU0557,24,3.4,61.6,65.8,2.5,9.3,71.4,6.6,0.5,9.0,0.8,5.1
STU0558,22,4.0,76.2,60.6,0.2,6.1,57.1,6.1,3.4,0.0,4.2,10.0
STU0559,24,3.8,84.0,68.8,2.5,6.6,100.0,5.9,2.3,7.5,1.9,6.4
STU0560,22,4.8,99.6,88.9,4.1,6.5,75.7,6.2,2.5,9.1,2.8,8.9
STU0561,20,4.8,86.5,56.0,1.7,4.6,66.8,4.3,4.5,3.3,2.3,5.0
STU0562,19,4.5,75.1,82.7,3.0,6.7,60.3,5.9,1.8,10.1,0.8,8.2
STU0563,23,5.3,65.7,44.4,3.6,9.3,60.8,6.1,4.0,2.9,2.7,9.6
STU0564,23,6.6,92.8,64.9,1.3,7.4,68.5,6.6,5.1,6.3,4.7,5.3
STU0565,20,6.2,66.4,69.1,1.9,6.6,69.7,7.0,2.1,4.1,4.3,4.4
STU0566,18,1.8,,100.0,1.2,6.2,61.1,7.2,3.9,4.1,3.1,2.9
STU0567,18,0.5,74.6,70.1,1.4,7.2,63.9,6.8,2.4,3.1,4.5,4.9
STU0568,24,6.2,97.1,35.4,0.8,8.0,88.2,6.1,4.2,7.1,1.2,5.7
STU0569,23,2.0,86.1,39.0,1.3,7.7,88.8,4.4,0.4,7.5,2.3,9.6
STU0570,23,4.1,76.4,75.6,4.3,5.8,71.8,6.1,0.3,4.8,3.4,2.9
STU0571,22,2.4,71.8,86.0,1.3,7.1,47.9,5.6,2.2,0.9,2.6,5.6
STU0572,19,1.3,73.9,81.8,2.7,7.5,76.1,7.4,1.5,6.2,2.4,1.9
STU0573,17,5.5,83.1,78.0,1.8,4.5,91.3,7.9,2.0,6.3,1.0,4.6
STU0574,18,5.9,78.9,95.9,4.0,6.8,88.5,7.9,2.5,4.3,0.0,6.1
STU0575,23,3.5,70.9,65.3,4.2,2.2,79.0,7.7,3.9,10.6,4.0,6.5
STU0576,22,0.5,76.0,91.1,3.6,7.5,89.3,6.6,2.2,0.3,3.2,6.7
STU0577,21,,78.9,45.6,2.9,7.8,68.8,6.2,1.6,0.0,4.2,6.3
STU0578,22,5.2,52.5,58.7,2.2,8.0,77.4,5.9,2.3,2.8,2.1,6.7
STU0579,18,1.8,83.5,42.5,1.0,5.7,57.8,5.0,1.6,7.1,1.7,5.6
STU0580,18,4.8,66.2,70.1,5.0,7.1,72.4,8.0,1.4,1.8,2.8,3.4
STU0581,22,4.5,64.2,74.2,1.5,9.3,87.9,6.6,0.4,2.1,4.1,1.8
STU0582,17,5.5,57.8,77.1,3.4,9.3,59.2,5.3,2.9,7.9,2.5,4.4
STU0583,20,4.7,56.5,76.1,3.9,6.4,55.1,5.8,1.9,6.4,4.0,5.2
STU0584,18,2.7,61.7,58.3,1.8,6.8,69.5,5.8,4.2,6.1,1.3,8.0
STU0585,22,6.7,69.5,71.6,3.8,8.7,64.6,6.9,0.6,7.3,2.6,5.3
STU0586,23,4.2,100.0,48.0,3.5,3.5,77.7,8.1,2.0,3.7,2.7,5.1
STU0587,22,,71.7,99.5,4.7,5.9,61.2,6.4,5.5,3.9,4.6,6.3
STU0588,19,2.8,80.1,69.5,1.9,9.2,93.8,4.1,1.4,7.4,3.1,5.0
STU0589,20,3.7,82.8,66.2,0.8,8.5,48.7,6.6,2.4,1.0,5.4,7.1
STU0590,21,2.9,79.6,100.0,1.8,7.2,86.8,6.6,1.0,0.0,0.8,9.5
STU0591,17,4.2,77.1,52.6,2.8,3.5,56.5,6.5,0.8,3.7,3.0,9.9
STU0592,24,7.6,63.7,54.7,2.6,6.4,41.1,6.0,5.1,7.8,3.1,5.7
STU0593,21,2.0,95.4,55.3,2.0,5.3,71.6,7.1,3.1,5.8,3.7,6.2
STU0594,20,1.6,99.7,73.8,0.0,7.2,64.2,6.9,3.0,7.6,1.6,8.7
STU0595,20,7.1,57.8,82.8,3.1,4.9,51.4,6.8,0.3,0.0,5.3,5.2
STU0596,20,4.1,65.7,88.3,5.1,4.4,42.8,7.3,3.3,5.9,2.8,6.9
STU0597,21,3.3,74.6,100.0,3.1,2.4,67.9,6.3,4.5,7.0,1.2,3.2
STU0598,23,6.4,66.4,34.5,3.3,8.9,82.6,6.2,4.5,0.9,2.8,4.9
STU0599,20,3.4,84.1,86.0,3.2,5.7,76.8,8.5,3.8,7.6,2.3,7.8
STU0600,22,7.8,69.3,65.0,3.0,6.8,68.9,7.5,1.1,4.7,7.0,4.1
STU0601,21,5.7,100.0,64.4,3.7,6.5,,7.8,3.3,14.2,4.4,5.2
STU0602,24,3.6,92.3,63.8,3.0,4.4,,8.3,3.8,0.0,2.9,2.4
STU0603,20,8.4,80.6,58.6,2.1,4.0,46.6,7.4,0.1,9.1,2.6,9.5
STU0604,22,3.4,90.3,100.0,1.5,4.5,46.7,7.9,1.1,3.8,4.2,8.0
STU0605,23,5.8,91.3,90.2,2.2,5.1,65.0,4.9,4.1,0.1,4.3,5.9
STU0606,19,5.0,71.2,75.4,2.9,7.2,65.6,7.0,4.1,3.4,0.0,6.5
STU0607,23,6.8,68.2,99.3,2.1,4.9,80.8,6.6,0.5,5.8,3.8,6.3
STU0608,24,7.3,78.9,47.8,2.9,10.0,79.4,8.8,4.0,8.1,2.8,8.3
STU0609,20,4.6,88.3,51.0,3.1,8.6,77.1,7.9,2.9,10.2,0.8,4.5
STU0610,24,3.1,79.7,35.8,3.6,8.1,63.8,6.0,4.0,9.3,4.1,7.0
STU0611,21,5.3,59.1,62.4,4.2,6.3,47.3,7.2,1.8,2.1,6.2,7.7
STU0612,18,3.3,68.4,77.9,2.6,9.5,74.2,7.0,3.8,8.4,3.6,7.9
STU0613,20,8.1,77.1,76.9,0.8,6.1,75.9,7.3,4.1,6.2,4.5,1.0
STU0614,18,4.7,77.1,77.7,2.1,6.4,32.2,5.6,2.3,3.0,5.5,4.3
STU0615,22,3.8,100.0,49.6,2.6,6.8,55.5,7.2,2.8,4.4,1.6,3.5
STU0616,19,4.8,61.4,89.5,0.1,7.9,57.6,6.5,1.8,2.9,0.0,5.8
STU0617,17,2.1,84.1,79.3,4.3,7.8,69.8,7.1,5.3,5.1,3.8,1.5
STU0618,24,2.8,95.9,88.2,2.7,5.5,55.9,5.9,2.6,2.8,2.4,1.4
STU0619,23,6.7,100.0,40.9,3.0,5.4,67.4,6.1,1.4,1.9,0.7,9.8
STU0620,19,3.3,73.1,80.6,4.3,7.8,64.8,8.2,1.7,6.4,2.7,6.7
STU0621,20,2.6,83.9,53.6,1.7,7.9,65.6,5.5,3.0,6.9,3.9,5.7
STU0622,18,5.5,84.8,67.8,3.2,5.7,57.3,5.6,3.9,4.4,2.6,6.2
STU0623,23,6.6,80.3,84.6,2.4,3.3,58.4,6.7,0.8,9.1,1.6,5.8
STU0624,18,5.8,76.8,76.6,2.3,6.1,51.8,5.9,5.6,4.2,2.5,7.5
STU0625,21,6.3,83.2,59.7,1.5,7.7,73.7,5.7,3.3,4.1,2.8,4.2
STU0626,18,,47.6,75.1,4.7,10.0,76.6,6.9,3.5,7.0,0.0,5.9
STU0627,21,1.9,86.2,47.4,2.0,4.1,56.4,5.0,2.7,4.6,2.6,6.0
STU0628,22,7.2,79.5,95.7,3.4,5.6,90.8,5.6,2.8,5.3,0.8,3.4
STU0629,23,3.9,75.3,71.3,0.1,5.7,63.3,9.3,2.6,0.0,3.8,8.1
STU0630,23,4.0,100.0,95.1,4.0,9.2,91.0,7.4,4.3,5.1,0.5,4.6
STU0631,17,6.9,69.9,65.5,3.9,6.4,58.4,5.9,2.8,0.0,4.3,7.5
STU0632,20,5.5,73.2,65.6,2.6,4.7,37.6,7.3,4.0,1.3,2.2,5.7
STU0633,21,5.3,100.0,61.2,2.2,7.6,74.0,7.5,2.1,1.0,2.0,8.8
STU0634,17,8.4,68.0,90.8,3.0,5.7,71.7,8.0,3.1,1.9,3.2,3.4
STU0635,18,3.3,71.4,62.2,5.5,4.1,68.5,6.6,1.6,3.4,1.5,3.3
STU0636,18,6.2,76.2,86.6,0.2,4.7,58.4,8.0,4.6,3.5,3.2,3.7
STU0637,17,4.6,88.1,68.1,3.5,10.0,67.5,4.4,1.5,7.0,1.7,5.8
STU0638,23,5.0,80.5,39.4,1.3,7.3,60.3,5.5,2.3,5.7,2.0,8.6
STU0639,18,7.3,62.5,64.7,2.5,6.7,63.5,7.0,2.3,0.0,3.4,8.7
STU0640,24,5.4,71.6,53.8,2.2,6.0,80.6,7.2,2.3,5.2,1.1,1.0
STU0641,22,5.5,70.7,75.6,1.9,7.1,70.8,5.7,3.9,6.0,0.9,6.0
STU0642,22,6.4,77.1,53.6,2.5,7.1,77.1,7.1,2.3,4.0,3.2,1.0
STU0643,24,3.8,83.1,91.7,1.0,7.1,64.5,6.1,4.9,4.8,2.8,7.1
STU0644,17,3.0,83.0,73.4,3.8,6.7,62.9,6.5,1.6,5.6,3.1,7.7
STU0645,24,2.6,56.7,71.8,0.2,8.2,50.7,8.0,3.1,7.3,3.3,5.4
STU0646,21,1.0,90.8,86.8,3.2,6.5,62.4,7.9,1.6,0.3,2.9,5.7
STU0647,21,8.2,81.0,92.4,2.1,4.5,25.0,5.6,3.4,4.3,3.7,5.6
STU0648,17,2.5,94.6,74.6,1.0,5.3,59.1,5.5,2.8,9.5,2.9,3.9
STU0649,24,4.1,83.3,61.1,2.8,2.5,66.8,6.3,2.6,9.2,0.0,6.4
STU0650,21,4.0,91.2,43.1,0.5,10.0,76.5,6.8,4.6,7.6,0.2,5.0
STU0651,23,5.1,83.6,62.7,2.6,8.2,64.0,6.0,1.8,6.6,5.7,7.4
STU0652,24,6.0,94.2,63.9,0.7,4.8,73.2,8.0,3.7,10.0,2.8,5.3
STU0653,23,6.0,84.3,76.9,3.1,5.9,35.3,7.2,1.6,10.8,4.2,3.8
STU0654,21,3.5,76.8,68.8,1.3,5.2,67.1,7.3,3.0,4.6,2.3,2.4
STU0655,22,4.2,100.0,87.4,1.9,9.6,42.8,5.3,1.0,2.1,2.7,1.8
STU0656,21,5.0,88.7,64.0,2.9,3.7,49.9,8.2,1.8,4.2,2.1,8.1
STU0657,23,4.1,84.9,74.0,1.5,6.7,65.2,4.0,2.7,14.3,6.5,4.6
STU0658,19,7.4,62.7,96.3,2.4,6.3,87.1,7.8,5.5,0.3,3.2,6.2
STU0659,20,5.4,62.5,81.2,0.5,8.2,73.6,7.9,3.0,3.6,2.0,9.1
STU0660,18,5.8,81.5,73.9,3.3,6.3,68.3,6.3,5.3,0.8,0.3,4.4
STU0661,24,5.7,79.7,64.2,4.8,3.0,67.7,8.3,3.1,5.4,5.8,4.2
STU0662,19,6.6,70.6,63.6,6.1,6.0,57.3,6.7,2.2,1.4,2.6,5.2
STU0663,21,4.8,79.7,59.7,2.6,4.6,59.8,6.9,5.1,4.7,3.9,5.6
STU0664,22,2.2,97.1,65.3,3.5,6.7,74.4,7.2,3.5,0.0,4.1,9.3
STU0665,17,5.2,86.3,88.6,0.2,9.4,47.2,10.0,1.8,6.9,2.1,8.6
STU0666,21,3.3,64.3,71.0,4.5,3.0,76.9,8.4,3.5,8.7,3.8,6.7
STU0667,22,3.5,76.7,50.7,3.5,4.9,62.2,7.6,2.4,3.8,1.9,8.4
STU0668,20,5.6,68.3,100.0,1.9,5.4,80.4,5.7,0.0,4.6,1.3,5.1
STU0669,21,6.7,73.3,80.8,4.1,5.7,82.4,7.0,4.2,4.5,4.5,6.1
STU0670,23,4.5,73.0,49.7,2.2,8.0,42.9,5.8,4.4,5.5,2.6,4.9
STU0671,17,5.1,72.3,67.0,1.9,6.2,59.3,7.8,5.6,4.9,3.6,2.9
STU0672,22,7.6,62.9,77.0,3.1,7.3,55.2,7.0,3.4,7.3,3.4,7.9
STU0673,22,4.9,76.5,100.0,1.1,5.2,40.8,5.5,2.4,8.7,3.8,6.6
STU0674,22,9.2,71.3,55.1,3.8,7.0,52.5,6.9,4.1,2.6,0.5,5.5
STU0675,20,5.5,42.8,92.6,1.1,8.1,100.0,5.8,4.1,4.1,1.9,5.5
STU0676,21,1.3,100.0,100.0,1.1,5.0,77.1,7.0,5.3,7.7,2.3,2.5
STU0677,20,5.9,91.1,63.7,1.3,8.1,96.8,5.8,2.7,0.7,1.6,3.5
STU0678,24,5.2,73.5,70.0,3.5,6.6,80.4,6.8,2.6,0.0,3.4,6.2
STU0679,18,6.8,78.2,56.3,1.7,8.6,56.9,7.7,1.7,5.7,4.6,4.4
STU0680,18,5.7,63.9,71.3,0.7,6.1,62.3,6.7,3.6,6.5,4.8,5.1
STU0681,24,4.3,98.3,74.3,1.7,7.3,76.8,6.3,0.5,2.8,2.3,5.3
STU0682,21,2.3,100.0,86.9,2.5,6.4,74.6,7.0,4.0,3.3,3.2,4.1
STU0683,23,4.1,79.9,94.6,1.0,6.3,59.3,7.6,3.7,2.7,3.5,3.6
STU0684,20,3.0,90.3,61.5,1.0,7.0,45.4,5.5,3.7,2.4,3.7,2.3
STU0685,17,3.5,80.1,39.6,5.2,7.6,100.0,7.1,3.0,7.1,1.5,5.2
STU0686,22,5.6,62.0,74.6,1.4,4.0,65.9,8.4,5.1,1.5,5.5,6.7
STU0687,22,7.5,73.1,80.3,2.1,9.4,63.1,7.5,4.1,4.2,4.2,2.2
STU0688,21,5.2,79.6,79.5,2.0,2.8,69.7,6.9,1.9,2.3,4.2,5.5
STU0689,23,2.3,72.5,69.1,2.0,5.1,64.4,7.6,1.9,0.6,4.6,6.1
STU0690,18,5.3,75.4,77.2,3.3,6.3,69.8,7.3,1.5,7.6,3.6,3.5
STU0691,18,6.7,76.9,100.0,3.7,7.3,87.3,7.7,3.6,3.4,1.3,8.3
STU0692,22,3.4,77.0,81.9,2.1,9.7,66.1,4.4,1.3,5.6,2.6,4.7
STU0693,21,4.3,78.6,68.3,0.9,2.8,50.6,4.9,4.4,0.5,0.3,5.3
STU0694,20,4.5,65.3,66.0,4.2,5.5,65.6,8.0,4.8,2.8,3.4,5.2
STU0695,18,3.1,69.4,71.9,2.4,2.2,61.0,5.0,1.5,7.3,2.5,2.0
STU0696,20,5.7,62.6,100.0,4.7,6.6,89.4,7.3,2.5,12.8,2.7,7.5
STU0697,23,4.3,89.7,71.7,0.0,7.0,85.6,6.4,2.8,0.0,4.6,3.6
STU0698,18,5.3,52.7,74.6,2.8,9.7,69.6,5.6,4.1,4.4,2.1,5.0
STU0699,18,2.9,91.8,66.3,5.0,6.7,48.8,7.2,5.2,6.2,2.4,6.7
STU0700,19,3.7,94.6,94.8,2.0,8.6,49.6,7.0,0.3,3.2,2.8,8.4
STU0701,18,5.8,74.4,100.0,2.2,7.7,68.2,9.3,2.3,7.5,0.0,3.3
STU0702,24,3.8,46.8,83.1,2.9,5.6,73.0,6.1,2.4,2.4,2.4,4.6
STU0703,17,7.6,73.7,76.5,1.8,3.7,62.4,8.5,0.7,5.5,0.0,8.3
STU0704,24,3.8,77.2,75.7,2.1,7.1,60.8,7.2,2.1,3.4,1.9,6.4
STU0705,21,4.9,,32.1,2.1,3.5,59.1,6.0,3.4,8.7,4.1,6.8
STU0706,21,6.2,71.8,88.4,1.7,9.1,67.6,7.8,2.4,3.0,3.5,3.4
STU0707,20,1.9,96.4,77.4,4.1,6.2,32.3,7.5,0.5,3.9,1.9,4.7
STU0708,24,1.3,86.0,82.7,3.1,8.9,51.5,6.8,7.1,7.8,2.9,5.2
STU0709,24,1.8,66.9,62.2,2.8,5.5,58.6,7.1,3.2,1.9,1.2,3.8
STU0710,24,6.8,58.8,68.1,3.6,7.0,86.1,6.1,3.0,5.2,2.8,2.2
STU0711,23,3.5,74.1,67.6,2.2,6.9,55.8,5.8,1.2,0.0,7.2,4.5
STU0712,18,9.1,75.4,93.4,1.5,6.4,70.7,7.7,3.2,1.7,5.6,8.2
STU0713,17,3.5,84.0,68.2,1.7,5.6,71.4,6.5,2.6,6.1,2.9,5.6
STU0714,20,4.8,71.6,100.0,2.5,7.3,87.5,6.7,0.0,2.0,3.0,8.2
STU0715,24,7.3,84.1,82.8,1.1,4.6,86.9,7.1,1.2,3.4,1.3,5.9
STU0716,24,8.1,100.0,52.0,1.8,4.1,67.1,7.1,4.0,6.5,1.6,4.0
STU0717,19,8.2,87.8,72.7,1.8,9.0,60.9,5.1,5.7,3.3,3.3,8.1
STU0718,20,6.7,77.4,63.3,5.3,8.0,58.0,8.3,3.4,7.5,2.0,5.9
STU0719,24,6.3,75.8,35.5,0.0,6.6,64.4,6.9,4.5,5.6,4.2,7.4
STU0720,20,5.6,73.7,100.0,2.3,9.8,61.5,6.6,2.6,6.3,5.2,3.4
STU0721,18,5.9,92.2,87.7,4.7,6.0,76.3,7.3,2.7,8.7,3.3,7.6
STU0722,19,3.5,70.5,84.6,2.7,9.1,74.3,7.1,4.4,6.0,3.0,7.6
STU0723,20,3.0,78.5,78.0,3.5,6.9,76.9,7.7,5.3,9.6,0.3,6.1
STU0724,17,4.5,78.6,50.1,2.6,4.5,86.9,7.4,4.8,7.7,3.9,3.9
STU0725,17,4.2,72.0,66.3,1.6,10.0,95.9,7.7,1.2,3.4,1.1,5.4
STU0726,21,3.7,61.5,90.2,0.0,8.5,69.9,8.4,2.7,8.9,2.2,6.7
STU0727,19,5.8,81.9,56.1,2.8,6.3,84.5,7.9,3.2,5.8,4.2,6.0
STU0728,19,6.2,77.3,29.4,1.5,8.0,62.7,6.6,2.4,3.8,4.3,6.7
STU0729,21,,84.0,70.9,1.5,5.7,85.8,5.5,3.4,5.8,2.1,7.5
STU0730,20,7.2,71.6,72.4,1.9,8.2,83.9,8.8,4.0,8.3,2.2,4.2
STU0731,19,2.4,92.6,77.4,4.8,1.7,83.1,6.5,4.3,6.4,1.8,3.2
STU0732,17,4.2,67.5,88.1,5.6,4.5,69.4,6.2,5.3,10.5,1.0,5.4
STU0733,17,3.2,98.5,86.5,2.8,8.5,58.0,4.7,2.3,8.3,1.8,4.8
STU0734,24,1.1,57.0,79.7,1.9,6.0,47.1,7.2,0.8,6.6,0.4,7.1
STU0735,18,4.4,83.2,96.5,1.0,6.9,67.4,7.0,3.3,1.9,3.8,3.4
STU0736,19,4.3,83.7,47.7,3.1,3.8,91.0,5.0,5.6,4.5,3.4,7.5
STU0737,20,7.2,68.5,84.1,4.8,10.0,63.4,7.3,2.1,5.2,3.6,8.2
STU0738,21,5.6,83.1,86.3,2.2,8.9,79.8,6.2,3.8,7.1,1.4,5.5
STU0739,21,2.7,93.4,52.7,0.0,6.1,80.7,10.0,3.8,6.9,1.0,5.6
STU0740,20,7.8,51.4,47.9,3.4,5.7,63.7,6.1,3.1,5.5,2.9,4.0
STU0741,23,6.7,84.0,61.6,3.8,8.6,87.7,6.3,2.8,5.4,2.9,4.4
STU0742,22,5.5,48.1,63.1,0.4,10.0,25.0,5.8,1.4,7.2,2.6,4.7
STU0743,18,4.1,66.4,88.6,2.7,8.4,49.7,8.3,0.0,2.4,2.4,8.4
STU0744,21,2.8,97.5,63.9,3.1,10.0,54.3,6.4,1.1,10.1,5.4,5.4
STU0745,19,3.8,71.0,59.6,2.4,4.7,55.7,5.9,2.2,0.0,3.4,2.9
STU0746,18,6.5,63.9,64.0,1.5,4.9,73.0,7.6,4.4,9.4,5.8,6.0
STU0747,19,7.9,75.6,95.1,3.8,4.1,72.4,5.1,2.6,4.9,4.7,7.2
STU0748,23,7.3,100.0,75.2,2.0,7.4,73.9,7.6,2.0,8.0,5.4,5.4
STU0749,17,3.6,56.0,71.8,0.6,6.9,76.9,8.9,1.5,6.1,1.2,8.4
STU0750,18,2.5,65.4,73.0,0.0,6.2,53.7,7.5,3.8,6.0,3.7,7.1
STU0751,24,4.8,96.0,98.3,4.1,8.1,49.7,7.6,4.8,6.7,2.2,3.4
STU0752,21,1.3,100.0,61.5,3.3,9.0,73.9,7.8,4.4,7.4,0.3,4.4
STU0753,18,5.1,76.8,98.7,2.6,3.4,58.5,8.9,3.7,4.0,5.0,6.0
STU0754,18,4.2,63.1,78.8,1.9,5.3,44.4,8.3,0.6,8.1,2.4,2.2
STU0755,18,3.7,100.0,72.1,1.8,8.1,82.6,7.3,2.3,1.7,1.2,6.2
STU0756,22,1.6,97.1,100.0,1.1,5.6,88.9,7.9,5.7,5.0,2.2,2.0
STU0757,18,,86.1,56.0,1.9,4.9,91.4,5.7,4.5,7.5,1.6,7.5
STU0758,19,3.5,68.3,68.6,0.0,8.5,70.8,7.7,0.5,8.0,1.8,7.3
STU0759,17,2.4,77.4,52.8,1.5,3.9,77.4,5.6,2.7,6.4,2.5,6.5
STU0760,23,0.5,76.1,92.1,2.1,5.9,88.5,6.4,3.3,3.8,5.4,4.1
STU0761,20,4.5,82.0,100.0,3.3,7.2,58.4,4.0,1.7,7.7,1.8,5.8
STU0762,18,7.7,95.4,100.0,2.4,5.4,84.7,7.3,0.0,3.0,5.3,4.5
STU0763,21,7.5,88.6,97.0,3.5,8.1,72.1,6.0,2.9,10.3,4.1,3.4
STU0764,18,3.7,65.1,71.4,4.3,5.4,81.7,8.1,1.6,4.7,3.4,4.8
STU0765,21,3.4,94.5,68.4,3.9,9.3,70.8,7.3,1.6,0.4,3.9,6.9
STU0766,19,5.3,81.8,44.9,3.1,6.2,87.4,8.1,2.3,1.4,2.8,5.6
STU0767,21,2.7,86.2,100.0,2.5,7.8,71.4,5.5,2.6,5.1,4.7,8.4
STU0768,24,5.0,95.6,83.4,1.2,8.0,45.7,8.0,2.8,5.4,3.7,7.0
STU0769,20,5.9,64.7,66.1,3.5,5.2,89.8,9.3,1.5,10.9,0.3,6.8
STU0770,17,6.7,77.6,98.9,4.7,2.4,53.8,7.7,2.5,1.9,3.2,2.3
STU0771,21,4.3,71.6,57.5,2.9,7.2,86.8,7.7,0.2,5.1,4.0,4.9
STU0772,21,4.1,59.2,82.3,5.0,6.6,66.6,7.0,3.3,1.8,2.4,3.4
STU0773,17,2.9,82.2,71.9,0.5,7.6,85.6,6.2,0.0,3.5,3.0,5.1
STU0774,20,3.0,100.0,86.5,1.0,6.0,85.0,7.7,2.4,10.1,1.9,4.1
STU0775,18,4.1,55.9,73.9,3.6,5.6,74.5,5.0,4.2,1.6,0.7,4.7
STU0776,21,5.2,77.6,48.9,2.8,10.0,75.6,6.3,1.2,6.8,0.5,7.6
STU0777,17,6.1,85.7,76.4,4.2,3.6,74.3,4.7,3.9,6.2,0.5,6.5
STU0778,24,3.1,79.5,93.9,2.5,8.0,37.8,6.0,4.5,4.9,3.8,7.5
STU0779,24,7.2,76.6,74.5,1.4,5.4,69.8,7.6,0.0,6.6,0.0,2.3
STU0780,19,4.0,62.4,89.0,2.2,5.8,51.3,7.4,2.6,1.5,1.8,5.6
STU0781,17,4.5,80.8,56.2,0.5,5.9,70.6,6.9,0.0,10.0,1.7,7.4
STU0782,19,3.2,68.9,74.5,1.0,4.9,50.9,7.0,2.6,10.8,2.4,8.5
STU0783,24,0.5,51.7,63.8,3.8,7.6,50.2,4.5,2.8,5.1,0.0,2.4
STU0784,20,6.1,92.3,88.4,3.6,9.3,92.1,6.4,0.0,12.3,3.4,4.8
STU0785,18,5.8,89.5,75.6,3.0,7.4,84.0,6.0,5.7,3.8,0.9,7.6
STU0786,17,4.0,78.6,87.4,0.3,6.7,67.9,6.0,3.2,6.2,4.5,5.1
STU0787,23,4.6,80.7,94.6,2.0,4.5,70.8,7.5,1.5,9.3,1.9,3.7
STU0788,24,5.4,90.9,87.4,0.9,7.5,64.3,5.8,5.0,3.6,2.7,2.4
STU0789,24,1.7,80.7,79.9,4.0,10.0,76.5,6.1,0.1,0.9,2.8,3.6
STU0790,23,3.5,88.8,57.0,1.7,5.7,57.9,4.3,1.0,0.2,3.2,2.1
STU0791,22,5.9,74.4,74.9,1.1,5.7,82.9,6.4,0.0,11.2,2.9,5.6
STU0792,24,2.2,93.7,65.4,2.5,5.4,64.2,5.5,5.5,3.4,2.2,7.3
STU0793,21,5.0,81.8,68.8,1.7,5.5,61.7,6.9,3.3,4.4,3.3,3.0
STU0794,20,2.1,80.3,68.3,4.4,1.0,68.3,5.7,3.8,1.7,3.5,6.0
STU0795,17,5.3,62.8,57.4,1.5,7.3,59.1,6.9,3.3,7.8,1.7,7.2
STU0796,23,4.4,81.4,39.8,0.7,4.8,72.9,6.6,3.7,2.7,3.4,5.5
STU0797,21,1.6,68.0,63.0,0.0,3.3,59.9,8.8,2.9,3.5,4.6,2.3
STU0798,23,6.6,70.3,78.5,2.5,8.0,75.0,7.4,3.2,5.9,3.9,6.3
STU0799,17,3.2,68.2,50.7,1.8,4.3,86.2,4.6,3.0,1.8,4.2,5.4
STU0800,19,3.0,65.2,75.3,0.6,5.8,57.2,5.3,1.9,4.5,3.1,5.2
STU0801,17,4.9,100.0,100.0,4.0,9.4,66.0,6.9,2.7,9.2,1.4,4.4
STU0802,22,6.6,94.0,93.4,3.4,3.7,74.9,5.7,3.2,6.3,1.6,5.7
STU0803,17,2.7,100.0,100.0,2.5,3.4,61.5,4.0,3.0,5.4,3.3,6.5
STU0804,17,4.6,63.3,82.0,4.3,7.0,75.0,8.4,0.6,5.6,4.2,10.0
STU0805,22,5.3,78.9,96.0,3.4,8.8,76.3,7.7,0.8,3.8,7.0,5.7
STU0806,20,5.7,62.5,62.0,1.4,3.4,84.2,7.4,4.4,11.0,4.3,8.5
STU0807,24,4.8,69.7,63.4,1.1,7.3,58.9,6.1,2.3,2.6,1.0,6.2
STU0808,17,3.8,67.0,25.7,3.6,7.7,53.9,7.3,3.7,5.6,1.6,5.3
STU0809,22,3.0,92.9,96.4,3.0,2.4,63.4,6.0,1.2,5.3,6.2,5.8
STU0810,21,4.7,73.2,100.0,2.7,8.1,53.5,7.0,0.6,8.0,2.5,3.1
STU0811,19,2.6,90.8,65.0,1.4,8.3,76.5,5.7,1.5,8.3,2.9,6.1
STU0812,19,0.5,85.2,70.4,3.3,5.9,50.6,8.6,2.5,4.9,1.4,1.5
STU0813,17,5.3,100.0,61.4,1.5,9.0,100.0,4.9,1.8,5.9,5.1,3.8
STU0814,20,6.1,60.2,81.9,2.4,8.8,87.4,8.3,4.7,6.0,3.6,5.7
STU0815,20,0.5,93.1,95.2,4.4,6.7,68.2,6.8,3.1,0.0,1.6,7.9
STU0816,21,2.7,91.8,43.6,1.6,5.6,81.0,6.2,5.6,0.2,1.3,8.4
STU0817,17,5.6,66.3,82.4,0.5,4.6,43.4,7.0,3.4,3.2,3.3,5.0
STU0818,19,8.2,90.1,70.0,1.1,6.4,100.0,7.7,0.0,3.3,2.9,5.8
STU0819,20,4.5,82.0,77.0,3.8,7.6,59.1,8.4,4.4,1.4,4.0,7.5
STU0820,17,3.2,75.3,83.3,2.8,5.9,66.2,7.2,0.5,7.2,3.6,2.8
STU0821,23,4.2,68.1,71.6,2.3,2.1,40.2,5.7,3.1,5.0,2.4,6.3
STU0822,20,7.0,69.4,73.1,1.8,9.0,75.3,6.9,1.6,4.4,2.0,3.8
STU0823,22,3.3,100.0,71.2,3.1,6.9,51.4,9.0,6.0,1.2,2.6,5.2
STU0824,23,3.1,78.0,92.5,1.4,5.7,69.5,8.4,5.0,4.9,2.0,4.6
STU0825,24,3.6,87.4,82.5,2.9,8.2,59.8,7.9,1.7,0.0,2.6,6.4
STU0826,20,2.8,68.5,79.0,1.5,9.5,51.8,7.8,2.6,4.5,2.8,6.6
STU0827,19,4.7,68.6,52.1,1.3,1.0,55.9,7.6,3.2,5.2,1.5,7.3
STU0828,18,7.4,91.0,68.2,1.7,7.4,71.4,8.2,4.1,5.7,3.7,6.2
STU0829,23,5.1,61.8,91.2,2.0,3.6,48.8,6.3,2.8,0.3,2.2,5.8
STU0830,24,4.0,73.0,75.7,2.4,7.5,56.8,5.2,1.3,5.7,1.5,9.2
STU0831,21,4.0,78.4,86.9,2.8,6.8,77.9,6.9,1.7,1.9,2.3,2.5
STU0832,21,1.7,79.3,100.0,0.0,7.8,100.0,5.8,2.8,2.6,3.2,8.9
STU0833,19,6.1,75.9,93.7,1.5,5.5,75.2,5.5,4.7,7.2,2.9,4.9
STU0834,20,4.4,82.7,76.7,2.0,2.8,,5.9,3.4,11.0,3.4,6.6
STU0835,17,4.2,86.3,65.8,4.5,5.6,62.5,9.8,1.6,5.2,4.1,4.8
STU0836,20,10.0,86.8,29.0,1.1,7.3,68.5,7.0,3.8,2.5,4.8,4.1
STU0837,19,5.0,66.2,72.0,2.7,8.5,62.8,7.2,2.2,5.6,3.2,6.5
STU0838,21,3.1,74.6,69.1,4.4,4.2,81.5,5.3,4.1,7.8,1.2,7.6
STU0839,20,3.7,92.3,82.0,0.8,8.6,71.3,4.6,6.6,6.9,2.4,6.4
STU0840,21,6.6,88.7,72.2,3.0,5.2,81.6,5.8,2.3,13.2,1.3,4.4
STU0841,23,4.7,61.5,69.2,1.5,7.2,63.3,8.5,4.0,2.9,5.3,10.0
STU0842,24,1.9,82.2,43.0,1.8,5.5,87.9,7.2,1.7,5.8,5.8,7.9
STU0843,17,6.2,54.3,58.1,1.5,6.9,65.5,7.5,2.6,9.6,3.8,7.4
STU0844,23,3.3,78.6,83.6,1.5,8.3,53.4,7.7,2.8,9.5,4.1,4.8
STU0845,21,7.9,100.0,100.0,6.0,4.0,100.0,6.1,2.5,0.0,3.2,4.2
STU0846,21,6.4,66.6,73.2,3.6,5.1,40.6,8.5,6.5,5.0,3.3,4.9
STU0847,18,3.7,68.0,80.9,3.9,6.9,56.9,6.0,2.3,9.5,0.4,7.7
STU0848,18,6.8,87.2,92.1,3.1,10.0,58.6,8.5,3.7,13.7,2.7,3.5
STU0849,23,4.6,59.5,60.4,0.4,4.8,100.0,7.3,0.0,7.1,1.5,3.4
STU0850,22,6.0,70.4,81.6,3.0,10.0,95.1,4.7,3.4,3.9,3.2,6.6
STU0851,23,5.4,85.2,61.7,3.9,10.0,90.4,5.9,4.5,2.0,2.7,6.1
STU0852,18,3.0,70.4,90.6,1.4,6.3,63.0,4.7,2.0,11.7,5.7,4.0
STU0853,21,3.3,75.2,77.7,3.8,5.9,100.0,8.2,0.0,7.2,4.2,3.3
STU0854,19,6.4,86.9,80.4,3.4,5.1,73.5,6.8,2.7,2.5,3.2,8.4
STU0855,23,3.9,83.1,60.9,4.9,6.4,82.7,4.1,2.8,4.4,2.4,6.2
STU0856,21,3.8,81.2,87.7,2.0,3.7,70.7,7.3,3.9,5.9,5.3,2.8
STU0857,19,2.8,73.9,100.0,1.1,6.3,67.3,6.2,5.8,6.6,2.8,2.9
STU0858,19,5.3,82.4,56.9,2.0,9.5,64.2,5.0,2.2,2.3,3.3,4.8
STU0859,18,8.2,76.5,68.9,4.4,5.3,64.9,8.8,1.5,3.2,2.9,7.0
STU0860,23,2.6,83.5,79.2,0.1,6.0,77.1,6.9,1.0,0.0,2.2,6.7
STU0861,20,4.5,72.0,89.2,0.0,3.1,73.5,6.4,3.1,8.1,2.9,7.8
STU0862,17,7.0,75.8,64.9,2.6,7.2,67.5,6.3,3.5,4.0,0.0,2.5
STU0863,18,4.4,66.1,24.0,1.9,7.0,90.6,5.0,2.0,6.4,0.5,5.9
STU0864,18,5.3,77.6,99.5,2.5,6.6,25.0,5.2,4.0,9.3,3.3,8.4
STU0865,20,2.6,68.3,88.7,3.7,6.1,75.6,8.3,3.5,5.7,5.2,8.2
STU0866,17,5.3,64.6,43.6,1.8,5.9,78.8,6.2,2.9,4.7,3.3,6.2
STU0867,21,4.2,81.1,64.1,0.1,7.5,85.2,6.8,1.4,5.6,1.7,10.0
STU0868,22,6.3,80.6,100.0,5.2,6.4,67.0,4.3,2.1,5.2,0.6,6.7
STU0869,23,6.6,87.4,100.0,1.2,7.1,71.1,5.2,0.0,8.7,4.0,7.6
STU0870,22,9.2,72.8,91.9,1.1,6.9,82.8,7.5,3.2,5.9,1.9,5.6
STU0871,21,5.5,82.9,71.8,3.9,8.7,90.4,7.3,2.8,3.4,3.8,3.9
STU0872,24,5.1,84.6,76.5,2.0,7.9,63.5,8.9,3.1,8.1,3.4,3.7
STU0873,18,4.8,83.3,72.6,2.4,6.9,72.0,8.4,3.6,8.7,3.5,5.9
STU0874,17,3.9,68.1,95.3,3.1,9.5,93.2,6.5,3.4,1.0,2.9,5.1
STU0875,18,5.1,79.8,59.2,3.9,7.3,36.1,7.4,2.6,9.6,3.4,2.0
STU0876,19,4.0,82.4,60.5,2.1,9.1,57.6,6.4,2.9,6.1,2.6,3.4
STU0877,18,4.8,78.1,93.2,4.5,7.7,90.0,9.3,0.7,5.8,1.8,4.9
STU0878,18,6.9,53.0,74.2,0.0,2.8,84.4,8.2,1.9,8.0,1.4,7.0
STU0879,21,2.7,79.9,99.8,3.5,9.1,75.8,7.0,2.9,3.3,0.0,5.5
STU0880,21,6.6,100.0,62.9,1.4,6.8,61.3,7.0,1.7,7.9,2.5,5.4
STU0881,21,6.9,73.7,74.0,4.3,6.4,54.8,8.5,4.1,3.9,5.1,3.5
STU0882,22,4.3,69.3,58.4,2.7,7.1,59.1,7.5,1.8,0.6,3.9,5.5
STU0883,19,0.7,82.5,75.1,1.6,5.8,91.2,8.7,3.1,2.0,3.1,8.1
STU0884,24,3.4,81.7,48.4,3.4,7.0,58.6,4.2,3.0,6.7,1.7,5.8
STU0885,24,6.8,92.3,66.2,3.7,5.3,69.5,7.4,3.9,2.2,4.3,2.5
STU0886,21,,62.9,49.1,3.3,9.0,56.7,6.2,4.2,9.8,2.6,3.0
STU0887,17,2.7,86.8,87.5,1.2,6.3,80.6,8.9,3.8,8.6,5.2,6.7
STU0888,22,3.6,85.1,87.9,1.9,5.7,59.9,8.7,0.0,9.0,1.3,5.1
STU0889,20,6.0,76.3,43.9,2.5,4.7,66.5,6.8,4.6,5.4,1.7,5.4
STU0890,17,5.5,82.1,99.0,2.4,7.0,42.7,8.6,5.1,5.8,1.5,4.3
STU0891,23,4.1,90.4,100.0,3.5,6.9,43.8,8.9,2.1,1.4,0.6,6.5
STU0892,23,3.8,88.5,75.8,0.0,7.3,68.1,6.9,3.2,8.0,1.4,4.9
STU0893,17,3.8,64.3,63.5,2.9,4.4,48.1,9.8,1.5,6.1,3.0,5.1
STU0894,21,2.8,87.8,100.0,2.1,3.3,99.6,6.8,0.0,6.7,1.7,3.8
STU0895,20,7.4,77.2,51.3,1.4,7.8,37.1,6.5,1.7,10.1,0.0,7.3
STU0896,20,3.9,78.9,75.4,1.5,9.5,56.0,7.8,2.0,3.2,4.4,5.1
STU0897,22,6.7,78.9,78.2,2.2,4.4,68.3,6.4,2.3,4.6,0.3,6.7
STU0898,20,7.2,76.2,99.2,0.0,9.7,62.5,6.9,1.4,6.0,3.7,3.1
STU0899,23,6.3,92.3,81.5,1.6,7.1,51.4,8.5,1.7,2.2,2.8,9.0
STU0900,19,3.7,77.0,66.0,1.4,6.5,53.6,6.8,2.8,4.4,6.0,8.1
STU0901,21,5.2,64.6,57.9,3.2,5.7,53.1,4.8,1.6,6.5,4.3,1.7
STU0902,20,4.5,73.3,68.8,1.5,3.7,63.7,7.2,3.6,4.0,2.0,3.9
STU0903,22,2.9,80.1,56.9,2.2,8.5,97.3,6.0,3.8,8.9,1.7,6.5
STU0904,23,5.1,92.8,75.9,4.5,4.9,69.2,7.8,6.4,0.5,5.1,2.9
STU0905,19,2.4,85.2,64.8,3.8,4.9,85.7,7.6,4.5,8.4,0.6,5.2
STU0906,18,6.6,67.8,48.1,3.7,8.5,75.6,8.6,3.2,7.0,3.1,6.4
STU0907,18,3.7,100.0,97.6,1.9,2.7,84.7,7.9,1.9,3.3,2.6,5.1
STU0908,19,4.9,81.2,66.0,3.2,3.5,26.0,8.1,3.2,2.2,2.3,6.6
STU0909,23,5.0,93.3,52.2,2.2,6.5,63.4,6.0,3.3,0.0,3.3,4.1
STU0910,22,4.0,76.2,72.0,2.2,7.1,87.6,7.8,2.0,2.6,3.1,1.0
STU0911,19,5.6,84.4,76.2,3.0,7.5,59.4,9.2,4.0,8.1,3.5,7.5
STU0912,21,3.6,88.1,43.6,1.7,5.9,94.4,6.0,0.7,4.8,3.0,7.5
STU0913,21,6.1,92.6,81.0,4.4,10.0,90.3,9.0,2.4,8.5,3.4,10.0
STU0914,18,2.1,90.7,56.2,2.3,6.0,61.0,6.1,3.6,3.1,2.9,1.1
STU0915,20,4.7,88.5,100.0,3.3,6.0,60.5,5.8,2.4,7.1,1.8,7.0
STU0916,22,8.0,74.2,84.4,4.4,4.9,52.8,7.2,2.5,2.8,2.8,1.6
STU0917,18,2.7,71.1,67.8,3.8,6.7,58.6,7.7,2.6,2.1,1.7,9.0
STU0918,20,3.3,82.0,61.6,0.7,7.7,49.5,7.9,1.5,4.7,1.6,6.5
STU0919,20,5.4,89.2,73.1,3.1,8.9,74.4,5.6,4.6,3.0,2.3,3.6
STU0920,24,4.8,75.3,86.0,3.6,3.5,46.2,7.3,1.3,0.4,2.6,7.1
STU0921,21,5.1,90.8,74.5,3.7,6.0,77.1,6.0,3.3,4.5,2.9,4.4
STU0922,23,5.4,95.4,71.1,1.1,7.4,77.4,5.0,3.4,5.3,4.2,6.1
STU0923,17,5.6,67.0,76.1,1.6,7.7,43.1,5.7,1.4,8.8,2.1,5.9
STU0924,23,6.5,68.0,64.1,3.8,6.5,91.2,5.9,2.9,7.8,3.1,9.0
STU0925,17,5.2,76.3,68.8,1.5,7.6,75.7,7.4,1.4,8.7,3.0,9.1
STU0926,19,4.1,81.7,37.5,2.1,4.9,79.2,8.2,4.9,7.2,1.9,4.3
STU0927,21,5.7,71.7,92.5,4.5,9.6,56.6,5.0,1.1,6.0,2.9,7.6
STU0928,20,7.9,94.2,80.4,2.4,8.5,77.3,7.2,1.8,1.3,4.3,6.2
STU0929,22,4.3,83.1,61.1,1.6,3.8,84.9,5.4,1.0,5.4,3.1,2.7
STU0930,17,2.7,78.5,100.0,1.4,4.3,66.5,7.6,0.8,6.8,3.1,4.1
STU0931,23,6.5,60.8,76.6,2.9,4.4,98.0,6.1,5.2,9.4,1.7,10.0
STU0932,20,4.3,62.2,56.3,0.8,7.9,68.7,5.5,3.6,7.1,5.8,6.2
STU0933,17,0.6,81.4,90.4,2.2,3.9,85.1,7.8,3.0,8.7,1.8,7.5
STU0934,17,6.0,52.4,82.2,2.9,5.8,72.4,6.1,1.8,1.9,0.3,5.1
STU0935,24,3.5,90.2,82.1,4.2,7.4,76.8,6.4,4.2,4.0,4.1,4.4
STU0936,17,4.3,76.1,67.3,3.4,6.4,42.9,4.1,1.6,6.3,2.6,5.6
STU0937,22,5.1,100.0,83.1,1.6,7.0,73.6,7.9,4.0,8.5,2.3,5.0
STU0938,21,4.8,100.0,70.3,4.0,4.4,57.0,7.8,1.5,4.6,2.0,2.5
STU0939,22,5.8,75.8,85.0,2.1,7.7,55.3,6.8,1.8,4.8,5.6,3.5
STU0940,18,3.7,76.7,40.7,0.9,5.3,94.2,5.0,3.9,7.1,3.3,6.9
STU0941,20,5.4,89.9,67.2,2.3,5.9,64.8,8.3,4.1,1.6,3.6,4.7
STU0942,21,4.0,98.4,100.0,4.4,7.0,53.0,6.0,3.7,9.8,3.0,5.6
STU0943,24,5.8,58.3,61.2,2.7,6.7,62.6,6.3,1.2,2.4,3.2,6.0
STU0944,21,5.6,56.6,64.1,2.5,6.5,48.5,9.6,2.1,0.0,4.9,6.1
STU0945,21,2.8,70.5,66.9,4.6,5.0,89.5,6.0,3.0,5.0,2.4,7.8
STU0946,23,6.5,85.0,53.1,0.6,5.9,57.6,7.7,1.5,10.1,0.6,3.3
STU0947,21,3.5,84.0,35.3,0.8,6.5,75.9,7.5,4.9,6.8,4.1,6.6
STU0948,24,6.0,90.8,70.8,0.4,3.7,88.3,7.3,0.0,7.3,3.5,7.0
STU0949,22,5.2,63.6,77.4,3.0,5.6,60.5,7.1,1.6,5.1,3.0,7.5
STU0950,21,7.8,50.2,74.1,2.7,7.3,76.0,7.3,2.0,4.5,3.5,2.7
STU0951,19,4.1,88.3,72.4,4.5,3.9,52.5,7.1,0.0,0.4,2.2,6.0
STU0952,20,3.9,68.1,75.8,2.8,8.8,100.0,6.7,0.7,0.0,2.8,8.9
STU0953,21,4.5,53.8,93.4,2.0,9.0,82.0,8.6,3.7,5.6,2.6,5.3
STU0954,20,4.0,79.7,71.6,2.5,4.0,65.1,5.2,2.8,8.9,1.9,6.5
STU0955,19,5.9,87.5,64.7,2.7,9.2,56.4,8.0,5.2,6.0,4.6,7.1
STU0956,19,1.6,76.5,69.9,0.3,6.2,66.3,7.8,5.1,6.9,0.7,3.4
STU0957,20,2.6,72.5,85.4,6.0,7.3,62.9,7.6,3.4,9.8,6.3,9.2
STU0958,17,2.6,76.1,100.0,3.2,5.5,97.3,8.1,3.3,6.0,4.1,6.5
STU0959,18,6.2,73.6,63.7,2.8,8.3,49.6,6.7,2.9,4.6,0.1,6.5
STU0960,23,7.6,61.8,76.8,3.3,7.3,70.0,4.6,0.0,2.5,2.5,2.2
STU0961,17,4.3,69.4,81.1,3.4,4.9,67.7,6.7,0.7,11.1,2.5,7.1
STU0962,17,4.2,84.3,57.1,2.3,4.2,66.2,5.6,3.0,6.6,3.4,6.5
STU0963,22,4.6,81.9,75.4,1.7,3.6,66.4,5.9,3.7,2.2,1.3,8.7
STU0964,23,6.6,80.0,48.6,3.3,6.9,66.3,5.3,3.2,1.5,2.8,4.9
STU0965,23,2.8,66.1,43.2,3.0,7.6,81.1,6.2,1.5,8.8,2.6,3.5
STU0966,17,4.9,75.8,81.6,1.4,7.8,77.1,6.1,4.2,1.9,1.7,4.1
STU0967,21,6.3,51.9,68.1,4.3,6.3,74.3,4.0,5.0,10.6,1.5,4.5
STU0968,22,5.4,80.1,78.6,2.9,4.2,25.0,7.6,4.2,0.0,4.2,3.3
STU0969,22,4.8,95.1,74.7,3.4,5.1,72.5,9.5,4.3,9.3,0.3,8.1
STU0970,19,6.3,60.3,57.4,4.3,8.8,43.2,7.5,2.0,6.5,3.5,8.2
STU0971,24,0.5,71.0,74.2,2.5,5.5,77.7,6.6,4.4,5.4,4.0,5.1
STU0972,23,5.7,81.9,52.8,2.9,6.8,90.1,6.7,3.0,4.5,2.5,4.7
STU0973,17,3.3,93.0,100.0,3.6,4.3,54.1,6.3,3.6,10.7,2.9,1.9
STU0974,19,1.2,72.6,50.6,1.6,7.2,64.1,6.9,3.3,7.1,4.5,6.9
STU0975,20,5.4,69.7,71.5,2.6,5.6,59.0,6.8,2.6,2.3,1.7,8.8
STU0976,18,7.0,54.4,56.2,2.7,8.6,86.5,5.8,1.5,0.0,1.9,4.2
STU0977,24,4.3,79.2,85.3,1.3,8.0,69.4,8.8,2.7,5.5,2.1,5.3
STU0978,24,6.2,100.0,69.0,5.5,5.5,93.9,5.0,4.3,5.0,4.5,6.4
STU0979,24,7.4,81.3,65.7,0.7,6.2,74.2,7.7,2.1,0.4,4.7,8.9
STU0980,22,6.9,77.7,90.4,0.8,5.4,,6.7,4.1,4.8,0.7,5.9
STU0981,20,7.5,81.9,75.5,4.2,3.7,69.0,9.1,3.9,3.3,4.3,5.9
STU0982,24,5.8,77.9,84.3,3.4,4.8,80.3,7.2,2.4,5.0,4.0,5.9
STU0983,20,4.6,68.2,57.3,1.2,6.9,41.9,6.4,4.9,7.2,5.1,2.6
STU0984,21,1.6,87.9,49.7,3.3,7.2,69.3,6.5,2.3,9.5,3.4,2.6
STU0985,24,4.1,80.7,76.9,4.4,6.8,66.9,6.8,5.1,7.7,2.7,3.9
STU0986,18,3.0,78.2,69.3,2.5,5.9,78.9,5.4,3.5,2.8,4.5,7.5
STU0987,20,8.4,66.3,86.3,5.9,8.4,65.2,5.9,2.8,6.1,3.8,4.8
STU0988,20,4.2,93.6,73.6,0.3,6.6,52.4,4.7,1.5,5.2,6.2,4.4
STU0989,18,4.7,86.0,78.7,3.4,7.9,68.1,5.7,2.7,1.0,4.2,4.4
STU0990,24,5.5,71.4,45.8,4.0,3.0,51.8,6.9,2.5,6.2,3.0,5.2
STU0991,18,4.6,90.0,100.0,3.7,1.0,39.1,7.2,0.9,10.6,1.0,8.9
STU0992,20,7.6,72.0,72.0,2.2,7.1,78.9,4.4,2.5,5.1,1.9,5.2
STU0993,18,3.4,68.6,87.6,2.1,3.7,76.7,6.6,1.6,0.2,0.6,3.9
STU0994,20,4.9,68.9,60.0,3.1,6.1,75.0,7.5,3.7,5.1,2.5,5.6
STU0995,20,3.2,56.7,80.5,3.6,5.9,87.5,6.6,4.8,1.4,4.2,9.0
STU0996,21,2.1,83.7,51.5,3.3,9.7,58.0,6.0,1.0,7.6,2.8,4.5
STU0997,17,3.4,56.0,83.1,3.9,7.3,46.5,6.3,5.4,6.6,4.3,3.1
STU0998,20,4.4,63.3,68.6,1.2,6.8,66.9,6.2,2.6,4.5,3.3,4.5
STU0999,24,3.7,53.1,75.5,2.2,8.2,62.8,6.0,1.3,4.0,2.2,5.8
STU1000,19,3.3,77.0,87.6,1.3,7.2,55.4,7.0,3.9,4.4,2.9,6.9
STU1001,22,2.0,76.2,52.8,2.0,5.6,66.8,9.6,2.1,5.0,3.5,7.5
STU1002,23,4.4,74.1,62.7,3.8,8.6,58.8,5.9,2.7,2.7,3.0,3.4
STU1003,17,1.8,65.5,83.2,2.6,4.3,40.5,6.4,2.2,0.8,3.0,3.6
STU1004,17,5.9,63.9,100.0,5.9,7.1,61.4,6.7,1.6,8.4,1.6,4.9
STU1005,17,4.6,83.6,72.5,2.8,3.4,51.0,6.0,3.9,3.8,2.2,6.9
STU1006,21,1.9,71.4,85.6,2.6,6.9,71.5,8.1,2.4,5.5,6.2,3.0
STU1007,20,3.9,81.8,73.1,2.6,6.9,58.2,4.0,0.6,5.9,4.6,4.3
STU1008,21,3.1,67.4,100.0,1.7,9.9,84.7,6.2,3.6,6.0,0.6,4.3
STU1009,20,5.1,80.2,43.6,2.4,3.4,92.1,7.8,1.0,1.5,0.0,7.4
STU1010,24,6.9,93.6,76.7,4.0,5.3,78.2,6.4,1.1,0.0,2.9,6.6
STU1011,21,1.1,85.0,45.7,2.6,8.1,44.7,5.8,4.6,3.2,4.1,7.3
STU1012,21,4.7,73.1,29.9,1.5,7.2,90.6,7.3,1.0,6.2,2.0,8.2
STU1013,22,4.2,81.1,80.4,1.3,6.9,91.6,7.9,0.0,2.8,4.3,4.9
STU1014,19,5.7,75.1,77.5,1.9,4.6,68.3,7.1,3.7,3.9,2.9,3.1
STU1015,21,4.9,78.1,69.9,2.6,5.3,87.8,5.8,2.3,11.4,2.6,3.1
STU1016,22,3.1,74.1,73.1,4.1,9.0,59.7,7.3,2.5,0.0,3.9,1.8
STU1017,18,3.9,76.0,100.0,0.8,6.4,40.0,6.3,2.3,2.7,2.0,4.6
STU1018,19,3.1,80.5,70.4,2.1,7.3,56.6,7.7,3.1,10.7,2.4,4.7
STU1019,24,6.4,66.1,84.2,2.7,6.3,93.9,8.6,1.7,4.9,3.8,7.1
STU1020,21,4.5,65.8,63.3,0.1,4.1,45.6,4.0,5.0,2.9,2.8,5.5
STU1021,23,7.9,61.3,80.3,1.4,8.4,68.0,6.9,0.6,8.5,5.7,4.5
STU1022,17,4.4,58.8,70.7,1.6,7.5,68.5,4.7,3.5,5.2,3.8,5.3
STU1023,18,3.2,63.4,67.6,1.5,10.0,60.3,9.7,3.8,4.0,3.7,3.4
STU1024,18,1.8,79.9,100.0,2.7,4.5,61.3,6.2,1.7,5.6,2.7,7.6
STU1025,24,1.3,67.3,96.2,2.3,8.1,69.1,7.7,1.3,3.0,4.1,3.9
STU1026,22,1.6,84.2,77.5,1.8,3.9,59.6,6.8,4.3,1.9,2.3,3.2
STU1027,18,5.0,78.4,33.5,3.1,6.8,46.7,5.8,1.3,4.7,3.2,7.1
STU1028,19,5.4,54.4,68.5,4.7,8.5,71.2,5.7,1.9,2.0,1.4,6.6
STU1029,21,1.7,85.9,100.0,4.6,2.4,84.1,8.7,4.1,5.0,4.4,2.1
STU1030,21,6.1,87.7,70.8,0.0,6.1,81.0,7.9,2.9,6.1,3.2,7.2
STU1031,23,3.6,66.1,94.9,3.3,5.4,55.9,9.1,0.1,7.6,5.8,4.0
STU1032,24,4.8,83.0,100.0,2.3,5.1,49.2,6.9,5.4,8.4,6.4,4.8
STU1033,17,7.4,67.7,78.9,2.7,7.3,63.7,7.1,2.0,3.8,3.9,5.9
STU1034,22,6.1,79.2,59.8,2.0,8.7,91.5,6.5,2.2,6.5,2.9,6.7
STU1035,17,4.0,62.8,31.2,2.7,6.2,77.7,6.5,3.2,6.5,1.4,6.4
STU1036,18,2.9,56.5,87.3,2.7,6.9,78.6,5.5,3.7,6.0,4.2,5.4
STU1037,24,0.6,73.4,60.3,1.7,6.7,81.3,6.9,5.7,3.6,3.1,4.7
STU1038,23,3.2,76.5,78.2,1.3,6.5,74.3,5.9,0.3,1.9,3.6,6.3
STU1039,17,4.1,73.2,52.5,1.9,4.3,69.8,7.3,4.0,6.5,5.4,5.3
STU1040,19,2.7,63.8,70.2,2.8,8.7,77.9,7.0,3.9,0.0,1.6,9.1
STU1041,21,4.3,73.2,75.6,3.3,7.1,59.8,7.1,2.6,4.2,1.4,6.7
STU1042,18,4.6,81.2,79.8,3.6,7.3,46.8,8.8,4.0,0.0,2.4,3.7
STU1043,23,4.1,77.5,54.9,1.9,4.9,78.8,6.8,4.2,1.0,4.0,4.5
STU1044,17,3.3,80.2,96.5,2.9,5.6,86.6,7.7,0.7,2.4,3.6,5.6
STU1045,22,4.8,70.0,64.3,3.8,6.1,51.2,9.3,5.4,8.3,1.5,8.1
STU1046,19,5.3,92.1,44.9,4.0,3.4,80.3,8.4,0.5,7.1,3.9,8.3
STU1047,19,2.5,63.9,73.0,2.4,3.1,93.2,8.2,1.1,3.3,1.0,4.7
STU1048,17,7.0,83.9,75.6,2.2,5.3,68.0,6.4,2.4,7.2,1.5,3.6
STU1049,21,4.3,92.2,77.9,2.7,7.5,55.7,7.1,5.7,7.7,2.6,3.4
STU1050,17,4.5,83.8,99.5,1.0,5.2,69.8,5.2,2.3,4.5,2.0,6.0
STU1051,18,5.8,75.6,70.7,2.2,4.5,59.7,7.4,2.8,0.8,4.1,10.0
STU1052,17,4.9,71.7,72.8,3.5,4.9,58.7,7.1,4.9,4.4,3.2,6.6
STU1053,19,6.2,90.4,55.1,3.3,5.6,74.5,6.8,2.3,4.7,5.4,2.3
STU1054,23,5.0,60.9,89.8,2.1,5.8,43.9,8.0,1.0,1.3,2.4,4.0
STU1055,17,3.4,66.4,78.3,2.8,10.0,46.3,5.4,2.2,6.1,2.6,4.3
STU1056,21,5.2,73.2,67.4,1.4,8.6,68.3,8.8,4.9,5.8,4.6,3.9
STU1057,24,2.4,92.9,40.7,3.4,8.5,67.7,7.9,2.9,6.3,2.7,4.7
STU1058,23,4.7,82.6,100.0,2.4,8.8,73.2,6.7,5.7,5.8,5.0,6.2
STU1059,22,4.4,66.4,52.9,2.1,4.5,96.1,6.6,3.9,7.2,3.6,6.9
STU1060,20,4.1,74.3,64.4,2.0,4.1,69.6,7.4,1.8,4.5,0.0,7.7
STU1061,17,4.3,70.6,81.5,2.4,4.3,77.0,8.6,2.9,5.6,4.6,6.5
STU1062,21,1.1,69.5,53.5,1.9,9.2,53.4,6.9,1.5,3.8,4.2,1.6
STU1063,23,3.5,89.7,48.1,3.4,5.4,79.5,7.0,1.8,3.2,4.2,3.4
STU1064,21,4.7,61.5,36.8,2.0,4.0,60.1,6.8,8.0,9.0,0.0,5.2
STU1065,22,4.8,97.3,88.0,4.6,5.6,69.1,8.9,4.3,0.0,1.8,5.8
STU1066,19,2.7,87.9,65.2,4.4,6.0,66.4,6.4,4.1,7.6,1.9,7.2
STU1067,21,6.8,91.1,100.0,1.3,7.0,83.5,6.8,1.9,3.1,1.5,5.6
STU1068,23,2.9,72.4,57.1,2.6,7.0,48.4,8.6,5.2,2.7,5.4,5.6
STU1069,21,6.2,76.2,58.4,1.7,4.8,33.8,7.0,4.4,5.8,2.8,6.0
STU1070,21,5.3,60.8,64.8,2.1,7.9,64.8,8.2,5.6,0.5,2.7,5.0
STU1071,21,3.3,71.7,79.4,5.1,5.2,75.0,5.7,5.5,2.6,3.6,5.7
STU1072,18,7.7,83.9,66.5,2.1,6.2,70.3,6.6,0.6,2.5,3.7,7.8
STU1073,18,2.4,93.6,86.0,3.0,7.9,86.5,8.6,1.1,4.3,0.0,5.3
STU1074,19,6.2,64.7,57.4,3.2,5.2,74.6,6.0,1.3,2.6,1.8,5.4
STU1075,17,6.3,73.6,50.1,1.2,5.4,59.5,6.6,1.4,9.8,0.7,5.4
STU1076,21,3.3,76.2,42.6,1.4,7.7,33.1,7.1,3.3,10.4,3.4,8.1
STU1077,22,7.0,61.3,35.0,0.9,4.8,64.4,5.6,1.9,0.0,2.4,3.3
STU1078,17,4.0,85.1,65.7,1.3,5.7,83.4,6.3,5.9,6.6,2.8,9.1
STU1079,22,5.0,69.3,69.6,0.0,7.6,62.1,6.9,5.7,7.6,0.0,3.1
STU1080,17,5.0,75.7,63.6,3.2,10.0,68.4,6.9,2.8,6.6,2.3,4.2
STU1081,19,4.3,72.6,97.4,5.2,7.7,74.3,8.3,5.7,3.0,4.5,7.0
STU1082,21,6.0,68.5,97.1,2.7,7.4,52.8,8.6,5.0,4.3,4.9,7.6
STU1083,21,5.9,77.9,69.0,0.7,7.6,77.3,5.8,2.1,2.8,3.9,2.7
STU1084,20,1.4,75.4,42.7,1.7,4.4,92.6,6.9,0.0,3.7,0.8,3.3
STU1085,22,6.8,73.5,64.8,1.9,6.7,65.4,7.6,2.5,1.4,4.7,6.1
STU1086,17,1.5,69.3,64.2,1.2,6.4,51.1,8.6,1.8,4.7,3.9,10.0
STU1087,17,6.4,81.8,63.2,3.6,7.1,67.0,7.7,3.1,0.5,2.6,8.0
STU1088,24,6.5,97.8,62.4,3.6,6.7,34.6,7.1,2.9,4.4,0.0,5.0
STU1089,24,2.5,79.7,63.2,1.0,7.3,73.1,7.6,2.9,1.3,4.2,1.0
STU1090,18,3.8,90.0,68.0,3.4,5.9,74.8,7.6,3.6,5.6,1.9,5.7
STU1091,20,2.5,61.3,63.6,4.5,6.6,93.1,5.7,1.0,3.0,3.3,6.2
STU1092,23,4.1,79.9,78.7,5.0,4.0,65.1,7.0,3.4,5.9,2.9,4.7
STU1093,24,3.9,64.8,81.5,6.2,5.9,74.1,8.6,2.1,8.2,5.1,3.8
STU1094,23,5.9,60.3,58.6,1.3,9.3,55.1,6.6,3.1,9.8,2.6,5.8
STU1095,18,6.9,69.1,97.9,6.2,7.1,62.7,7.0,4.2,0.0,2.8,3.6
STU1096,18,7.0,92.3,57.4,2.0,6.5,45.1,6.5,1.0,2.5,5.2,9.2
STU1097,18,3.5,89.4,45.9,1.7,10.0,65.1,4.0,2.4,4.1,1.8,8.5
STU1098,22,4.1,80.9,81.9,2.9,3.8,63.4,6.8,2.6,6.4,4.0,6.8
STU1099,22,1.5,59.6,60.3,1.7,4.3,72.5,7.2,2.0,0.0,2.5,5.7
STU1100,19,3.0,75.6,80.8,3.0,9.9,58.6,6.2,4.1,2.1,1.3,4.2
STU1101,19,6.2,81.6,31.7,0.8,6.6,69.3,5.4,1.7,5.4,2.8,5.5
STU1102,18,7.4,80.1,100.0,2.2,6.0,63.0,5.7,2.0,5.3,3.8,8.8
STU1103,20,2.3,55.9,87.1,4.2,4.1,63.0,7.7,1.7,6.1,4.8,7.2
STU1104,17,3.4,67.3,48.0,2.4,7.4,69.2,9.2,4.4,6.3,5.0,5.9
STU1105,22,4.5,77.2,48.4,2.7,7.6,68.6,8.5,2.1,6.0,2.4,7.3
STU1106,20,5.0,84.4,100.0,3.1,4.3,79.4,5.2,3.5,5.6,1.3,6.6
STU1107,21,3.0,51.6,61.7,4.0,6.2,66.2,7.8,5.8,5.2,2.3,6.3
STU1108,22,5.3,76.1,60.0,0.3,5.8,62.8,6.0,2.7,7.0,1.0,7.5
STU1109,22,3.6,79.7,34.2,3.3,7.0,65.3,6.1,4.5,0.0,2.5,6.5
STU1110,19,4.5,88.2,68.7,2.2,4.3,57.3,6.2,5.3,9.6,2.3,7.2
STU1111,17,5.5,86.3,70.9,2.7,9.0,62.6,7.6,4.3,0.0,3.9,5.8
STU1112,17,4.5,85.0,87.9,3.9,8.3,98.5,8.0,2.8,1.8,0.0,5.0
STU1113,24,3.7,68.4,49.8,0.9,5.8,54.3,6.7,3.8,4.3,1.7,4.4
STU1114,23,4.3,55.1,47.6,1.2,6.1,63.8,6.7,0.9,7.0,1.7,4.2
STU1115,23,4.3,73.3,83.1,0.0,6.2,62.2,7.4,1.6,0.0,4.6,2.3
STU1116,23,3.8,90.0,93.1,1.8,4.9,64.3,7.5,1.9,4.9,1.1,3.7
STU1117,23,4.0,94.7,46.7,4.2,5.6,63.0,8.2,6.2,7.4,3.1,3.6
STU1118,21,7.4,86.5,94.5,2.3,6.0,72.2,5.3,1.6,8.0,2.6,4.5
STU1119,21,5.5,83.2,75.7,0.8,9.7,42.3,6.8,1.6,2.9,4.4,8.6
STU1120,22,4.0,82.6,94.7,1.9,8.4,83.6,5.5,1.2,4.1,3.7,5.2
STU1121,18,5.8,71.3,73.7,0.6,8.4,77.5,6.7,3.6,3.2,3.0,6.0
STU1122,19,3.9,76.4,29.6,1.0,7.2,49.4,6.5,3.0,3.8,2.0,6.0
STU1123,19,6.6,98.0,72.3,3.0,4.3,34.0,6.7,4.4,1.9,0.0,8.7
STU1124,23,5.2,66.7,94.1,1.0,6.4,53.3,5.8,3.8,2.3,3.2,4.3
STU1125,22,4.3,97.4,58.9,3.9,8.4,64.4,5.0,0.7,6.3,3.6,5.1
STU1126,24,5.3,74.1,68.0,2.4,4.0,100.0,4.3,1.6,5.4,0.4,5.3
STU1127,20,1.7,93.9,71.8,2.6,7.8,76.1,6.6,4.8,6.5,0.9,7.8
STU1128,18,2.5,61.1,22.8,2.1,10.0,40.9,6.3,2.5,5.6,3.2,8.2
STU1129,22,2.4,85.0,100.0,3.5,8.6,57.7,6.0,4.6,7.1,3.3,6.4
STU1130,18,4.8,69.2,58.8,3.5,9.3,67.2,8.4,2.6,7.6,1.3,8.0
STU1131,18,7.6,61.0,84.1,2.9,6.9,71.8,5.8,1.3,0.0,1.9,5.9
STU1132,18,8.5,80.6,73.4,3.2,8.4,48.3,8.5,2.3,2.4,0.0,5.2
STU1133,22,5.6,90.1,97.6,2.2,5.1,66.0,8.7,1.3,4.3,4.9,7.9
STU1134,23,5.4,67.9,82.3,3.2,8.1,57.2,4.5,2.0,4.9,0.9,6.5
STU1135,19,1.3,60.0,70.8,2.1,7.8,51.4,6.9,3.1,3.0,3.6,4.0
STU1136,19,3.5,76.9,58.9,2.5,7.1,71.9,6.3,3.6,7.7,2.7,7.5
STU1137,23,3.1,77.0,89.4,2.1,9.1,79.6,4.0,0.4,10.9,4.7,5.1
STU1138,18,3.4,84.6,41.3,1.9,5.4,80.6,5.1,2.8,5.6,1.6,4.8
STU1139,20,4.2,89.4,86.6,1.6,6.1,76.6,7.7,1.9,5.3,2.9,7.3
STU1140,17,3.7,77.3,55.2,3.1,6.7,60.5,9.2,1.8,7.5,0.3,5.3
STU1141,22,0.9,100.0,97.5,4.2,4.4,78.7,7.9,3.0,0.0,0.0,6.3
STU1142,17,5.8,80.7,77.9,4.0,7.0,72.6,7.2,2.0,5.1,3.7,6.8
STU1143,24,2.6,73.8,86.6,0.9,3.1,70.0,6.8,4.9,7.9,0.1,3.9
STU1144,23,4.9,58.7,76.5,4.2,8.6,58.8,8.8,4.6,3.1,2.5,6.3
STU1145,20,8.2,74.8,43.5,2.1,6.6,60.5,9.4,4.6,1.3,4.3,8.2
STU1146,22,2.8,74.0,59.5,3.3,5.5,69.1,6.1,2.1,4.4,3.9,3.6
STU1147,23,0.5,89.5,87.1,1.3,4.8,100.0,4.4,1.4,4.8,1.8,6.4
STU1148,18,4.0,83.5,78.0,2.7,6.0,72.5,4.3,2.9,2.3,0.4,3.8
STU1149,19,6.5,63.8,96.3,2.9,7.9,58.8,8.4,2.6,11.3,3.6,7.5
STU1150,17,8.0,80.1,82.3,0.6,7.6,55.5,6.7,1.9,3.6,4.8,7.5
STU1151,21,2.3,86.1,57.6,3.3,5.1,60.6,7.0,1.0,1.5,1.8,4.8
STU1152,21,5.4,96.3,60.7,4.2,4.8,100.0,4.7,2.7,4.7,1.6,9.9
STU1153,20,3.7,88.7,76.9,2.3,7.8,62.0,5.9,2.2,7.7,2.0,7.7
STU1154,18,4.3,87.1,33.3,4.3,5.1,81.6,6.4,3.8,5.1,3.7,6.9
STU1155,24,9.3,78.7,100.0,2.3,6.6,62.4,7.0,3.8,6.5,4.6,6.8
STU1156,17,1.8,82.7,83.0,3.6,6.7,71.9,6.3,4.5,2.4,0.9,7.5
STU1157,18,5.0,93.0,97.1,0.0,7.1,79.9,5.6,0.9,9.5,0.6,3.5
STU1158,17,5.3,62.0,46.5,5.6,8.2,59.4,5.9,3.4,6.7,6.3,5.9
STU1159,20,6.5,73.8,97.4,4.4,4.0,58.4,8.2,1.7,8.1,2.5,6.3
STU1160,20,4.7,68.7,100.0,2.1,2.7,92.9,7.1,1.0,6.1,3.2,4.7
STU1161,24,5.1,82.5,51.2,0.0,5.4,82.8,7.5,2.2,7.5,1.8,6.4
STU1162,21,3.8,92.8,88.9,2.9,10.0,79.9,5.7,4.4,2.4,3.5,8.0
STU1163,18,5.0,70.8,75.0,0.6,10.0,79.8,4.0,2.2,3.5,4.2,4.7
STU1164,22,3.9,49.3,47.2,3.1,10.0,74.9,6.2,5.1,9.0,3.2,5.4
STU1165,21,5.6,73.1,83.9,3.0,6.1,98.3,5.8,3.6,9.7,5.4,3.9
STU1166,18,3.8,89.0,90.0,1.3,2.9,68.7,7.2,2.2,1.6,2.3,1.9
STU1167,21,5.2,84.5,64.2,4.0,1.8,76.7,10.0,4.5,5.7,2.4,7.1
STU1168,22,4.4,83.1,96.0,3.5,5.3,46.2,7.6,3.5,3.7,3.1,5.4
STU1169,19,6.5,74.6,45.0,3.8,6.1,55.6,10.0,1.4,2.9,3.5,5.6
STU1170,19,4.4,62.7,48.1,2.5,9.1,50.0,7.5,5.6,5.9,3.1,3.5
STU1171,24,1.3,84.2,77.5,0.7,8.2,87.1,6.0,3.2,8.4,0.9,5.1
STU1172,19,6.8,68.0,75.5,3.8,7.0,29.7,7.2,2.8,6.4,3.3,7.7
STU1173,19,2.9,100.0,62.1,2.1,4.7,62.0,8.9,1.5,4.0,2.2,5.5
STU1174,23,3.3,84.8,89.6,0.7,4.6,25.0,9.0,4.6,6.5,1.9,5.6
STU1175,17,3.4,71.0,84.6,4.3,7.0,55.5,6.1,3.6,3.9,2.8,5.9
STU1176,23,7.0,70.7,90.4,5.2,7.9,60.6,7.1,3.7,6.2,1.4,3.0
STU1177,23,0.7,76.9,72.8,2.4,7.3,88.8,5.1,2.0,9.2,1.1,6.7
STU1178,24,10.0,75.1,85.8,5.3,4.4,73.9,7.8,4.1,0.0,0.0,3.0
STU1179,23,6.4,91.4,67.0,2.6,7.8,55.5,8.7,4.2,7.4,5.4,3.6
STU1180,19,4.9,80.2,100.0,2.0,7.4,84.0,6.8,1.8,0.4,3.6,3.4
STU1181,22,4.4,69.2,60.4,1.7,4.4,68.3,6.0,0.7,8.7,2.6,5.1
STU1182,24,5.0,100.0,100.0,4.6,4.9,68.6,7.2,3.7,3.1,1.8,4.8
STU1183,24,5.4,78.6,75.6,1.5,7.9,50.0,7.3,0.4,1.3,0.0,5.5
STU1184,20,5.7,87.2,50.2,3.5,6.0,53.1,6.9,3.0,7.1,1.7,3.7
STU1185,24,5.5,70.7,99.6,1.8,9.7,55.6,7.0,2.1,6.1,3.9,7.5
STU1186,20,4.7,82.4,77.3,1.9,7.5,68.7,6.6,4.6,2.0,4.2,7.2
STU1187,24,4.1,81.7,90.3,3.8,5.5,69.2,8.0,2.2,1.2,3.8,5.2
STU1188,17,4.2,55.3,97.0,2.0,6.5,91.2,7.7,4.5,4.4,3.0,4.5
STU1189,19,4.1,100.0,81.1,2.0,6.6,73.8,5.6,2.0,1.4,4.8,4.3
STU1190,24,6.5,93.5,64.3,4.0,5.0,27.4,5.6,4.3,1.8,2.3,4.9
STU1191,19,5.6,73.2,92.6,4.6,4.7,71.9,6.5,5.9,5.3,4.4,2.7
STU1192,19,0.5,64.8,75.0,3.3,7.9,46.2,7.7,1.2,2.1,2.2,3.6
STU1193,21,5.7,82.2,87.3,1.6,8.2,53.5,7.0,3.2,6.3,1.5,7.2
STU1194,24,4.9,79.0,36.2,1.8,7.7,55.8,6.0,6.9,9.5,1.3,6.1
STU1195,18,4.5,82.3,83.0,2.6,9.5,58.0,7.1,2.9,4.6,1.2,8.8
STU1196,21,3.8,80.3,63.5,2.9,5.4,47.4,6.4,2.9,5.4,3.8,4.9
STU1197,18,6.5,84.1,100.0,1.2,9.8,71.1,7.9,4.0,11.1,1.7,4.8
STU1198,19,6.2,95.4,86.2,3.4,4.7,46.8,7.2,2.9,1.4,1.3,4.7
STU1199,19,3.1,84.8,79.3,2.6,4.5,73.4,6.4,0.2,8.6,3.9,4.9
STU1200,21,5.2,65.4,83.8,0.3,3.0,100.0,7.1,4.5,8.2,3.3,4.2
STU1201,21,2.8,94.4,57.0,1.3,5.6,48.1,8.4,0.0,7.6,4.2,6.0
STU1202,18,2.0,97.7,100.0,1.8,5.5,63.7,6.1,2.2,8.9,3.6,5.6
STU1203,20,3.4,100.0,100.0,2.4,7.6,30.1,7.3,4.6,5.8,1.7,4.5
STU1204,18,6.1,64.5,82.1,5.0,7.0,63.5,6.7,2.3,3.3,2.9,8.0
STU1205,21,6.2,80.9,100.0,2.8,4.1,77.6,7.3,1.8,8.3,3.0,9.3
STU1206,22,5.4,53.0,64.8,1.4,5.7,78.8,6.0,4.1,8.4,1.4,7.8
STU1207,21,5.8,84.6,60.7,2.8,5.8,69.2,6.9,1.5,8.3,1.1,6.6
STU1208,22,5.4,71.4,75.7,2.0,2.9,81.3,8.1,1.0,5.1,1.8,7.0
STU1209,17,3.3,100.0,82.8,2.9,4.5,100.0,5.7,3.2,2.9,5.9,9.2
STU1210,21,5.3,68.7,67.9,3.3,5.0,93.7,5.2,2.5,5.6,2.2,7.0
STU1211,17,5.9,57.7,84.7,4.1,9.4,60.2,5.3,0.9,7.8,4.6,4.3
STU1212,20,5.9,72.3,80.5,2.5,6.9,46.2,5.4,3.8,8.1,2.1,6.3
STU1213,18,6.6,54.3,57.0,4.6,7.8,61.9,7.5,3.5,3.7,4.1,6.8
STU1214,22,5.8,87.0,84.3,3.7,3.5,53.8,5.1,2.3,5.9,4.2,3.5
STU1215,18,5.1,53.2,90.5,1.6,8.9,74.8,6.4,2.4,1.1,4.2,4.9
STU1216,17,6.4,78.3,78.1,5.4,9.1,50.3,7.5,3.5,8.0,3.4,7.7
STU1217,22,4.5,53.1,95.7,2.9,2.5,66.9,7.3,4.6,2.7,4.9,1.9
STU1218,18,2.9,74.2,53.1,1.4,5.1,80.6,6.3,2.4,7.4,3.4,3.0
STU1219,21,4.2,97.7,83.4,4.6,7.5,66.5,7.0,3.8,1.6,5.4,5.1
STU1220,19,3.2,82.3,53.9,5.2,7.8,53.8,6.9,3.6,8.1,0.4,6.2
STU1221,17,3.3,67.6,54.9,2.5,5.1,85.6,6.5,4.1,6.0,3.3,2.8
STU1222,18,4.2,77.6,63.6,1.8,5.9,39.8,6.5,2.9,2.7,3.2,5.2
STU1223,17,3.1,78.2,58.0,2.3,5.3,63.1,9.5,1.4,7.1,1.4,7.8
STU1224,23,3.9,83.7,65.1,3.4,6.7,67.4,7.8,2.1,3.2,3.7,5.6
STU1225,17,1.1,61.6,71.1,4.2,8.9,68.2,9.8,3.3,7.2,0.6,7.4
STU1226,22,4.9,85.1,90.1,3.2,5.0,70.7,6.2,5.5,4.2,1.8,4.3
STU1227,23,4.5,45.5,69.2,2.6,8.5,77.2,6.7,2.1,0.0,0.0,3.9
STU1228,24,3.0,70.4,46.5,4.4,4.9,67.5,5.2,4.0,2.1,5.1,7.2
STU1229,22,5.7,72.1,95.5,2.1,4.8,62.5,5.8,2.3,3.7,2.5,6.2
STU1230,19,6.2,85.6,59.9,3.8,8.1,61.9,9.1,3.0,9.1,6.1,3.1
STU1231,23,1.6,78.3,73.9,2.1,8.3,58.8,6.2,5.1,7.7,4.0,3.9
STU1232,24,3.1,61.1,83.0,3.1,8.2,79.8,9.1,3.9,9.9,3.5,8.6
STU1233,21,3.1,66.2,78.6,2.4,3.9,58.3,5.3,0.9,10.0,1.9,3.7
STU1234,17,2.8,80.4,94.7,2.4,5.6,80.7,5.5,1.9,3.4,1.2,7.4
STU1235,18,6.0,77.1,83.6,2.0,8.1,68.3,6.4,4.7,4.4,3.6,4.5
STU1236,20,4.2,71.1,59.5,4.2,6.6,60.2,6.7,3.0,3.8,2.7,5.5
STU1237,17,4.0,72.2,100.0,1.5,4.4,77.3,7.9,1.1,3.0,0.8,6.1
STU1238,24,0.9,86.4,78.5,1.5,7.4,57.1,7.3,1.6,0.0,0.5,1.3
STU1239,17,5.6,71.8,72.3,5.3,5.1,77.6,6.3,3.9,5.0,1.4,2.6
STU1240,19,2.3,76.9,92.4,3.8,10.0,71.2,6.6,4.3,1.1,5.5,5.7
STU1241,21,4.6,100.0,79.5,0.0,9.6,59.1,6.4,2.8,4.9,6.1,4.1
STU1242,20,5.0,60.9,82.2,1.8,7.7,75.9,5.7,6.5,11.3,3.1,7.5
STU1243,23,6.9,55.8,100.0,0.1,9.2,76.2,5.7,4.0,3.5,3.0,2.3
STU1244,23,2.1,87.4,70.0,1.3,6.6,85.4,8.0,2.4,5.6,2.3,6.6
STU1245,23,0.5,69.9,69.3,0.0,8.0,82.5,4.6,1.6,7.7,1.4,2.7
STU1246,24,4.8,74.2,77.1,2.3,9.5,75.4,8.7,1.3,5.8,4.9,4.8
STU1247,22,7.7,68.6,94.3,1.0,7.0,51.1,6.4,3.3,5.9,5.6,3.4
STU1248,22,6.7,74.9,47.9,2.6,6.0,100.0,5.9,2.1,3.9,1.5,9.3
STU1249,18,4.9,97.2,39.6,0.4,3.1,46.9,7.7,5.3,4.3,2.7,2.8
STU1250,20,3.6,87.6,64.4,2.6,6.3,82.2,8.6,5.0,2.1,2.1,5.3
STU1251,23,6.0,88.3,45.6,2.0,8.1,74.5,8.1,3.7,7.5,2.2,2.0
STU1252,22,2.7,61.0,67.4,4.5,8.4,50.4,7.4,1.0,0.0,4.6,8.7
STU1253,24,5.4,64.2,84.0,4.3,7.5,66.1,8.1,1.8,7.9,0.8,6.3
STU1254,18,5.4,43.9,59.0,3.5,5.4,66.8,4.7,4.7,0.8,3.5,5.8
STU1255,21,6.4,68.3,49.3,2.1,2.5,87.6,6.2,2.0,7.9,3.9,8.4
STU1256,18,9.5,89.5,76.2,5.1,5.5,57.3,5.7,4.5,3.9,2.6,5.8
STU1257,22,5.2,84.2,90.5,0.5,5.9,64.1,8.3,3.5,1.3,4.1,5.9
STU1258,19,3.6,75.3,44.5,0.7,5.9,33.0,6.3,2.9,6.7,3.0,5.8
STU1259,24,4.5,77.7,89.8,2.4,7.7,94.0,7.8,1.7,7.8,4.6,6.6
STU1260,19,1.3,69.7,89.7,5.4,10.0,51.9,7.4,2.7,3.7,0.5,4.5
STU1261,23,3.2,80.5,92.2,2.2,6.7,72.9,5.8,3.1,7.2,2.3,5.1
STU1262,19,3.8,87.2,96.9,2.3,6.1,66.5,6.1,4.3,0.0,2.7,7.1
STU1263,23,3.6,58.6,100.0,0.6,6.0,66.5,8.4,1.5,1.0,0.0,6.1
STU1264,23,4.8,81.6,68.6,3.7,6.7,80.1,5.9,2.4,8.9,1.2,5.3
STU1265,22,3.0,89.2,77.0,3.7,4.8,93.1,6.9,2.9,4.3,1.6,2.7
STU1266,19,6.5,73.0,67.5,3.5,6.7,71.8,5.9,3.8,0.0,4.2,8.5
STU1267,23,4.5,86.4,75.0,1.7,7.4,77.8,6.4,1.4,2.9,1.7,4.2
STU1268,20,4.5,100.0,100.0,1.6,6.9,72.9,6.7,0.8,2.2,1.6,7.5
STU1269,21,3.9,76.7,50.8,0.8,7.4,83.3,5.9,3.8,4.5,4.0,5.9
STU1270,18,4.8,82.7,59.5,2.6,7.4,61.1,5.6,0.5,3.9,0.4,2.9
STU1271,18,6.0,69.1,99.8,1.1,3.0,84.1,7.1,4.7,5.5,0.0,8.0
STU1272,22,2.9,80.2,93.4,1.0,7.8,84.7,5.8,2.6,4.8,2.3,6.0
STU1273,19,3.3,83.5,68.5,1.9,5.2,84.2,5.8,0.5,9.1,0.6,8.2
STU1274,19,4.0,80.3,90.4,1.9,4.3,58.1,5.7,2.1,6.3,0.7,5.1
STU1275,23,2.1,65.8,81.1,1.8,4.3,65.5,6.7,3.4,6.4,3.7,6.9
STU1276,24,3.0,80.5,100.0,3.1,7.4,71.6,7.9,2.0,8.5,4.1,2.0
STU1277,17,3.6,95.5,76.3,2.6,6.1,47.4,8.6,2.8,3.8,4.0,4.5
STU1278,23,6.1,83.4,93.5,2.1,3.1,91.9,5.9,3.9,1.2,4.5,3.0
STU1279,21,5.0,89.5,100.0,2.7,7.5,67.8,9.4,2.5,8.6,4.7,4.8
STU1280,20,4.8,75.2,85.8,1.2,3.6,72.3,5.6,1.4,5.4,0.0,6.4
STU1281,18,6.0,87.0,75.9,2.6,6.8,59.3,8.1,2.4,5.4,3.5,4.3
STU1282,23,4.3,81.4,88.0,2.7,7.0,48.1,5.9,4.9,3.1,2.0,7.2
STU1283,17,5.2,66.6,68.4,0.5,8.3,58.9,5.8,5.3,3.1,1.7,3.8
STU1284,17,4.3,81.8,100.0,3.8,10.0,71.3,5.9,0.0,7.5,3.6,7.3
STU1285,23,5.0,66.1,78.2,1.4,3.8,78.1,6.7,4.4,8.0,0.2,8.1
STU1286,22,3.5,70.4,70.1,2.6,6.4,70.4,7.5,3.2,7.4,0.2,7.5
STU1287,18,0.5,80.3,60.0,4.0,5.9,73.2,7.6,4.2,7.4,3.8,4.8
STU1288,22,4.3,81.6,94.7,3.7,7.4,62.9,5.7,2.0,6.7,3.5,1.2
STU1289,20,7.1,63.7,90.6,2.5,6.9,75.4,5.6,0.1,5.4,3.0,6.7
STU1290,17,6.2,90.6,66.0,2.0,5.8,90.2,5.7,3.7,4.5,1.5,5.2
STU1291,17,6.2,84.9,85.4,3.7,5.6,78.6,6.7,1.4,8.6,3.9,3.5
STU1292,21,6.7,69.5,47.8,3.4,4.3,80.1,6.5,0.7,3.9,3.8,4.4
STU1293,20,4.7,59.5,78.3,1.7,8.5,72.4,5.7,0.8,6.1,2.9,8.4
STU1294,17,4.9,76.3,83.1,1.5,7.4,45.5,7.1,3.7,2.6,1.0,3.2
STU1295,20,3.4,72.6,100.0,0.0,8.3,52.3,9.5,3.0,3.0,2.2,6.4
STU1296,18,3.9,79.4,61.1,2.7,5.9,74.8,6.2,4.0,4.3,4.1,5.9
STU1297,19,5.6,73.6,52.0,2.4,5.2,67.8,6.3,3.8,2.6,4.8,4.8
STU1298,17,6.7,53.9,58.9,4.0,4.3,74.6,7.5,2.2,7.4,2.3,6.8
STU1299,21,4.2,73.3,50.9,3.0,7.2,93.1,6.1,2.7,1.0,2.4,8.8
STU1300,18,3.7,74.3,99.1,4.2,4.4,78.9,7.6,2.0,5.3,2.6,4.9
STU1301,23,4.5,85.6,100.0,1.6,10.0,86.9,5.9,2.5,5.4,3.2,5.0
STU1302,20,5.6,69.6,80.8,4.0,3.9,69.4,9.0,1.3,0.0,1.9,6.7
STU1303,23,1.9,98.1,97.0,1.8,7.0,55.9,7.2,3.4,3.7,0.0,7.3
STU1304,22,0.5,55.1,77.4,3.5,9.6,67.1,6.1,4.4,5.8,4.6,5.2
STU1305,18,3.5,93.7,73.3,0.6,7.7,55.9,6.1,1.6,6.3,5.5,4.9
STU1306,23,2.3,75.3,69.0,2.8,6.9,91.4,6.2,4.7,4.4,1.9,1.1
STU1307,24,3.6,88.3,69.4,0.0,4.6,79.9,8.4,3.0,7.0,1.2,3.9
STU1308,24,4.2,79.0,47.1,2.2,3.7,75.8,5.3,3.2,4.7,2.6,3.2
STU1309,17,3.7,91.7,79.8,3.1,8.0,86.5,6.0,0.3,5.0,2.5,6.9
STU1310,20,7.1,73.4,74.3,1.8,9.5,37.7,6.1,0.1,5.8,4.3,5.0
STU1311,19,5.1,64.8,88.4,1.1,5.6,,6.8,3.0,7.8,2.9,4.9
STU1312,18,5.0,,76.7,3.6,4.2,48.3,6.5,4.0,3.0,1.6,5.5
STU1313,17,5.6,76.6,72.1,2.4,1.6,67.9,5.0,1.8,3.5,0.8,3.8
STU1314,21,2.5,80.7,59.3,1.9,4.5,63.3,6.3,5.3,3.0,4.1,8.6
STU1315,22,6.4,92.8,76.3,2.6,6.3,77.9,6.7,3.9,4.0,3.7,8.1
STU1316,20,4.4,65.6,88.3,5.9,9.7,71.4,6.0,1.4,9.3,4.4,8.7
STU1317,18,5.7,85.1,54.4,4.0,7.8,88.2,7.6,2.8,6.7,1.3,6.9
STU1318,24,2.6,70.9,76.6,4.0,7.1,59.0,7.9,6.5,1.6,5.6,5.4
STU1319,18,1.7,76.4,79.2,3.1,5.7,78.6,6.7,0.9,3.2,0.2,8.7
STU1320,19,6.0,78.9,62.1,2.7,5.3,70.4,7.1,3.6,6.1,3.9,4.1
STU1321,24,5.2,60.0,64.4,0.0,9.3,43.5,4.2,2.3,2.3,0.0,3.8
STU1322,19,2.9,68.7,79.2,1.6,6.9,54.2,6.3,3.9,2.8,1.6,4.3
STU1323,21,2.9,94.2,54.6,1.9,2.3,65.8,8.0,4.7,9.0,5.1,6.5
STU1324,22,6.5,88.6,81.3,0.1,5.2,84.7,6.3,2.2,3.2,4.0,4.0
STU1325,21,2.4,77.2,58.9,1.0,4.8,75.0,5.9,4.5,7.9,2.0,5.2
STU1326,17,7.5,80.9,94.1,0.0,5.4,50.5,9.5,6.1,8.8,2.0,2.3
STU1327,17,2.9,74.5,100.0,2.5,7.6,65.9,9.0,2.9,2.8,3.0,6.5
STU1328,21,5.6,94.3,59.5,3.6,6.3,98.3,7.4,4.0,2.3,3.6,2.5
STU1329,22,3.9,75.6,84.6,3.9,6.3,69.7,8.2,1.9,4.2,4.7,3.6
STU1330,21,5.6,80.8,61.9,3.0,9.1,63.1,4.1,2.8,1.7,2.1,7.9
STU1331,22,3.5,91.8,93.7,1.2,5.1,75.4,5.9,2.5,5.4,0.4,7.9
STU1332,22,4.2,68.7,52.2,0.0,10.0,79.5,6.2,4.0,4.4,3.0,6.2
STU1333,23,4.6,96.7,83.7,0.2,5.2,61.2,6.5,4.6,6.1,2.1,6.1
STU1334,24,2.7,59.6,59.3,0.9,6.7,75.5,6.2,2.6,9.2,0.8,4.4
STU1335,20,5.8,97.6,71.3,1.3,5.9,63.1,4.0,5.1,7.5,3.2,4.0
STU1336,22,3.6,73.5,56.4,2.3,6.7,78.8,7.3,5.1,6.5,2.5,4.8
STU1337,19,4.1,75.1,89.8,1.2,7.4,70.5,7.5,4.1,0.0,3.3,2.5
STU1338,22,2.7,55.3,59.9,2.9,7.4,75.2,8.7,2.0,6.3,1.5,6.0
STU1339,22,0.5,72.5,84.9,2.2,5.0,56.6,5.9,1.9,10.2,3.5,5.6
STU1340,22,4.2,65.5,68.8,2.5,4.3,55.7,5.8,1.6,0.0,0.8,3.6
STU1341,23,8.8,70.7,72.9,4.0,10.0,82.2,4.0,4.2,7.1,1.6,8.6
STU1342,24,5.9,76.4,77.7,1.0,5.5,66.8,6.4,1.0,4.5,2.4,6.7
STU1343,23,4.5,89.5,61.3,3.0,7.9,72.3,7.9,3.8,2.5,5.4,6.9
STU1344,17,4.0,80.5,78.8,2.5,3.3,63.4,6.1,1.2,7.4,4.0,4.5
STU1345,23,4.5,81.7,100.0,2.1,5.9,81.5,9.4,4.0,10.1,4.4,5.5
STU1346,19,5.5,64.9,61.0,3.7,6.2,58.9,6.5,2.8,7.3,4.9,6.8
STU1347,19,2.4,67.4,96.1,3.6,7.4,66.0,7.0,4.8,3.9,8.0,5.8
STU1348,23,6.5,99.6,100.0,1.3,1.1,79.8,5.2,4.5,2.2,2.9,8.7
STU1349,24,5.8,69.2,60.3,2.3,6.8,85.6,7.1,5.0,5.4,4.9,5.1
STU1350,21,5.8,97.9,48.8,2.9,4.2,60.1,4.4,5.0,7.6,4.3,4.5
STU1351,20,5.3,75.1,80.4,2.1,7.1,97.4,7.6,3.0,3.8,4.3,6.8
STU1352,24,4.5,78.0,65.1,3.3,4.4,72.7,7.7,1.1,4.1,5.5,3.0
STU1353,23,5.7,,100.0,2.9,4.8,52.4,8.4,1.2,13.5,2.2,7.3
STU1354,22,5.6,93.3,75.6,4.9,6.0,73.5,5.6,0.0,8.2,2.1,2.9
STU1355,18,3.9,76.7,60.6,0.5,4.4,62.3,7.0,1.2,8.5,3.3,6.8
STU1356,20,3.5,73.3,54.4,2.3,5.5,74.5,7.5,2.9,0.6,2.5,4.2
STU1357,20,4.7,77.3,94.6,1.3,4.1,67.4,7.3,2.0,2.9,3.3,6.5
STU1358,19,7.3,82.1,64.7,3.3,2.8,69.1,5.8,2.5,5.2,5.1,7.3
STU1359,20,2.3,88.7,75.8,0.4,8.5,54.3,4.0,3.5,2.0,2.1,5.8
STU1360,23,1.9,78.1,92.2,3.0,3.9,82.9,7.2,2.3,9.8,2.3,3.1
STU1361,22,4.8,85.4,66.3,1.7,6.1,50.7,6.6,1.1,9.2,3.1,3.7
STU1362,22,4.6,97.7,74.2,1.5,8.0,51.4,6.1,2.7,3.4,2.5,4.0
STU1363,17,4.8,82.6,74.7,0.6,5.3,73.5,7.7,1.5,10.4,0.0,1.7
STU1364,22,4.9,81.7,87.3,1.9,4.8,92.0,6.7,2.4,5.0,1.9,7.8
STU1365,24,4.1,59.8,85.6,3.9,7.0,62.7,5.2,4.8,12.8,3.8,5.7
STU1366,22,7.2,46.4,71.0,2.5,8.7,78.5,4.5,2.4,5.4,5.0,3.2
STU1367,19,1.6,82.7,76.1,3.3,4.2,84.1,5.4,5.5,6.7,1.1,8.4
STU1368,22,3.0,76.9,68.3,4.7,6.2,80.2,9.7,4.9,9.2,1.1,4.1
STU1369,17,4.3,71.8,48.4,2.8,3.0,63.3,7.7,1.9,8.8,2.8,6.0
STU1370,18,1.5,80.9,79.6,1.8,5.7,51.6,7.0,1.1,6.5,0.0,3.8
STU1371,23,4.2,77.3,100.0,3.1,6.6,34.9,6.6,2.7,4.6,2.1,1.5
STU1372,19,7.5,91.5,59.1,1.8,4.8,64.1,6.5,4.5,6.5,0.2,2.8
STU1373,24,4.5,79.0,61.1,1.8,5.6,85.7,8.2,2.1,2.6,4.9,4.6
STU1374,18,4.9,69.0,59.3,0.5,3.7,51.1,6.2,4.2,5.5,1.6,7.3
STU1375,19,2.2,89.9,88.0,3.7,6.7,78.5,7.5,4.6,1.7,5.3,6.2
STU1376,21,3.4,75.4,83.1,2.0,8.6,53.7,6.4,1.6,0.0,4.5,5.8
STU1377,20,3.8,84.3,72.1,2.7,4.3,69.6,9.1,1.8,5.2,1.8,1.5
STU1378,21,3.9,72.3,58.5,1.2,5.3,78.6,7.7,3.9,8.8,1.2,8.0
STU1379,22,6.8,70.2,76.7,3.1,7.5,58.1,8.3,3.0,7.8,2.5,5.9
STU1380,18,5.5,79.0,46.8,1.5,8.9,70.6,6.1,1.8,4.8,2.6,5.3
STU1381,22,2.5,78.2,77.6,2.3,3.5,61.8,8.1,2.3,10.2,3.3,7.8
STU1382,20,4.9,83.8,90.7,3.6,6.2,78.6,6.4,2.7,3.3,1.6,8.0
STU1383,19,5.4,74.8,52.5,3.5,7.1,71.5,6.9,0.5,0.0,3.9,7.8
STU1384,20,6.6,56.0,47.4,2.5,6.3,68.8,8.8,3.9,0.0,3.2,5.0
STU1385,17,7.3,72.8,100.0,0.2,1.5,91.4,5.5,2.1,1.5,2.3,3.5
STU1386,20,2.7,87.5,64.0,6.4,7.5,77.9,7.0,0.0,7.4,1.7,7.5
STU1387,17,3.0,74.4,95.4,4.8,9.5,57.6,7.3,2.8,3.1,2.5,2.8
STU1388,20,2.2,75.0,72.2,3.4,6.7,66.7,7.4,1.7,6.4,1.6,9.4
STU1389,23,4.1,89.8,72.1,1.5,4.4,66.9,6.3,5.3,9.9,2.9,5.6
STU1390,17,5.3,69.5,82.9,2.4,5.5,69.2,9.3,1.9,1.7,2.9,3.4
STU1391,18,6.3,59.5,59.1,1.8,10.0,100.0,5.2,1.2,6.4,3.2,3.0
STU1392,22,4.4,76.1,77.4,4.1,8.3,73.6,8.6,3.6,6.6,5.4,2.9
STU1393,24,3.9,72.2,68.1,2.8,7.8,37.5,8.3,1.8,2.4,2.6,5.8
STU1394,22,4.8,,51.2,1.5,7.2,59.9,9.1,1.6,9.1,4.3,5.5
STU1395,21,3.0,75.9,81.1,1.9,5.2,39.0,4.9,3.6,4.1,3.1,3.0
STU1396,22,8.3,83.9,70.3,4.0,6.1,63.1,5.8,1.2,3.8,2.4,4.8
STU1397,19,1.6,77.9,72.2,4.6,6.3,38.2,8.6,0.6,11.3,2.6,2.8
STU1398,23,4.8,81.7,53.2,4.5,7.6,54.9,4.5,5.4,6.6,2.7,6.7
STU1399,20,8.1,99.8,100.0,3.5,9.5,45.2,4.9,3.7,7.8,3.2,5.4
STU1400,21,4.5,73.9,90.8,2.2,8.7,73.8,6.2,2.4,9.1,1.4,4.7
STU1401,19,4.2,81.3,92.4,0.0,3.7,68.0,7.0,2.8,3.0,0.6,2.9
STU1402,19,3.9,71.9,69.5,2.9,6.9,72.5,8.7,3.6,8.7,3.8,4.9
STU1403,17,4.2,67.8,43.9,2.5,8.0,66.4,6.6,4.3,3.5,4.1,4.7
STU1404,22,7.0,71.0,100.0,2.7,7.7,47.1,6.1,1.7,3.4,3.9,6.1
STU1405,18,0.5,72.3,73.9,2.6,5.2,75.7,7.2,3.3,4.2,3.0,5.8
STU1406,24,7.3,82.3,61.5,0.8,10.0,96.8,7.4,2.0,3.1,4.0,7.1
STU1407,18,1.9,100.0,82.5,3.2,3.9,74.1,7.3,2.5,7.5,3.9,4.5
STU1408,21,4.0,69.4,96.0,3.3,4.3,61.6,6.6,3.0,5.8,4.0,1.8
STU1409,23,3.7,73.0,74.6,3.4,7.0,46.6,4.5,2.8,3.5,1.5,7.5
STU1410,18,5.6,77.2,98.0,3.7,10.0,54.4,5.7,3.9,7.0,1.2,3.6
STU1411,20,1.6,82.7,94.5,3.3,4.8,74.8,8.5,3.5,4.2,2.2,3.3
STU1412,18,5.3,81.2,55.6,2.0,6.0,84.1,7.0,0.5,4.0,2.8,5.4
STU1413,21,8.1,93.4,62.9,2.4,8.7,71.9,6.4,0.8,5.1,2.4,6.1
STU1414,24,2.0,48.9,92.2,2.6,6.5,80.0,8.1,2.2,6.4,0.0,4.4
STU1415,18,4.8,49.4,26.2,2.6,5.8,78.6,5.4,5.5,6.2,5.4,4.4
STU1416,20,3.3,72.0,72.3,3.8,7.6,75.6,6.5,1.5,3.9,2.4,4.7
STU1417,17,5.3,91.2,49.2,3.3,7.0,58.1,7.0,2.5,7.5,3.1,8.3
STU1418,23,4.5,59.2,66.4,5.2,8.6,70.6,6.3,2.0,4.3,4.7,5.5
STU1419,21,3.3,41.9,69.6,5.4,9.1,55.3,6.9,2.0,3.0,0.0,3.6
STU1420,17,5.4,84.9,68.6,2.6,7.1,68.3,6.6,3.1,0.6,2.0,3.6
STU1421,17,7.7,80.9,65.1,0.0,7.1,73.0,5.1,4.9,7.9,2.2,5.0
STU1422,17,4.2,64.9,55.3,4.1,6.9,93.2,7.0,3.5,5.0,2.3,6.0
STU1423,19,5.8,66.2,100.0,1.8,7.5,48.4,5.2,1.6,5.6,2.5,6.5
STU1424,23,2.2,66.4,100.0,1.5,6.6,75.2,7.0,6.9,8.1,5.0,5.7
STU1425,24,2.8,79.3,54.1,2.0,6.5,90.2,8.4,2.9,3.6,3.8,3.8
STU1426,22,5.4,70.5,100.0,1.9,8.9,79.4,6.5,1.9,0.9,4.2,4.7
STU1427,23,7.2,83.9,67.8,3.3,9.5,80.5,5.4,4.9,5.2,2.9,7.0
STU1428,19,5.1,43.7,77.3,0.5,3.5,76.8,6.6,2.1,5.9,0.7,3.2
STU1429,22,3.9,67.7,73.9,1.1,6.5,87.5,5.8,5.3,4.2,0.0,4.6
STU1430,23,4.5,64.5,63.1,2.9,5.1,51.7,7.5,1.5,9.4,0.5,6.7
STU1431,17,2.2,74.9,92.7,3.3,5.9,47.2,6.6,4.9,0.0,3.3,7.3
STU1432,21,5.6,71.5,77.3,3.3,7.3,67.9,8.9,3.1,8.4,2.8,5.1
STU1433,22,6.1,87.6,66.4,1.5,7.8,35.6,8.2,4.7,7.4,2.5,4.7
STU1434,20,3.7,55.7,51.5,1.2,6.3,86.5,6.6,5.7,6.4,2.2,2.9
STU1435,20,3.7,78.5,58.9,1.8,2.7,86.3,7.7,1.1,0.0,5.8,6.6
STU1436,18,5.0,84.7,45.5,2.8,4.6,61.5,6.3,4.7,8.9,1.6,8.1
STU1437,22,3.7,100.0,75.2,4.4,8.3,62.4,6.8,0.7,1.9,4.2,10.0
STU1438,21,4.4,72.2,53.5,0.0,1.0,66.9,6.4,1.2,3.5,2.8,6.3
STU1439,24,8.3,81.9,70.2,2.2,8.9,68.8,7.7,1.6,4.5,2.7,5.4
STU1440,19,4.1,56.4,99.7,0.8,7.5,69.9,8.5,3.6,6.2,4.6,3.7
STU1441,17,3.9,49.3,96.6,0.4,9.1,76.4,7.8,2.8,6.9,5.0,1.7
STU1442,18,3.3,88.1,74.4,3.8,6.1,65.4,7.9,2.5,7.7,2.4,5.9
STU1443,20,5.8,77.9,73.4,3.2,2.4,82.1,7.9,3.0,7.4,4.0,10.0
STU1444,19,4.2,92.1,100.0,3.1,7.4,74.7,7.5,3.7,5.8,3.3,8.0
STU1445,19,3.3,61.5,84.4,3.7,9.0,58.9,5.4,3.8,6.2,2.8,7.7
STU1446,17,6.9,84.2,69.1,1.9,8.3,88.0,8.8,4.4,1.7,3.1,6.0
STU1447,24,7.1,100.0,49.3,1.9,5.2,47.6,9.0,5.5,2.7,1.8,6.2
STU1448,24,3.4,83.0,82.1,5.3,6.7,66.6,6.5,2.8,7.7,2.3,1.0
STU1449,22,1.1,81.3,89.9,2.2,5.4,82.5,6.4,2.0,7.5,1.9,7.0
STU1450,20,6.3,78.1,63.6,3.5,4.9,57.2,7.5,3.7,7.2,4.2,4.3
STU1451,24,3.3,59.1,80.2,2.5,8.4,72.6,7.5,1.1,3.5,2.7,4.1
STU1452,21,,94.3,68.5,0.1,4.1,76.2,6.6,1.8,7.7,0.9,4.9
STU1453,24,1.0,70.7,71.7,0.0,4.7,55.1,5.3,4.3,1.5,1.7,4.8
STU1454,19,6.1,84.1,30.2,1.7,4.3,66.9,7.2,2.6,8.2,0.0,4.1
STU1455,17,2.3,59.2,71.0,3.9,3.5,65.7,7.5,1.0,4.2,2.1,5.5
STU1456,21,5.8,63.8,92.4,3.5,6.8,59.7,7.7,0.6,10.1,2.9,4.4
STU1457,22,4.5,95.2,63.6,3.7,8.8,100.0,7.2,2.9,0.4,2.6,5.7
STU1458,20,2.8,73.8,75.9,1.2,6.1,56.6,6.5,4.5,10.3,5.8,2.5
STU1459,22,3.8,95.4,61.4,4.6,3.5,83.1,8.0,4.5,3.9,3.7,5.1
STU1460,19,5.7,77.1,81.5,1.2,8.2,62.1,6.9,3.0,3.9,3.6,3.3
STU1461,21,4.7,55.9,71.1,2.8,9.9,51.7,6.2,5.8,5.6,0.3,4.2
STU1462,21,5.6,88.7,58.1,2.5,5.2,69.5,6.6,2.6,2.9,2.3,5.8
STU1463,21,8.1,70.9,99.0,2.3,5.5,77.7,4.7,2.6,4.8,2.1,2.3
STU1464,19,1.7,86.4,91.7,4.2,7.5,81.8,6.6,0.0,2.8,1.6,3.9
STU1465,19,7.4,78.3,64.1,1.6,9.7,91.4,7.6,2.1,2.9,1.6,6.6
STU1466,22,4.7,59.5,84.0,0.7,5.5,100.0,7.2,4.1,6.5,0.1,2.7
STU1467,18,2.9,80.0,84.7,2.5,3.8,71.8,8.6,5.1,2.3,0.9,9.1
STU1468,22,2.1,100.0,86.6,2.0,7.8,58.1,6.5,1.6,2.7,4.1,7.9
STU1469,20,4.2,83.9,44.5,6.9,8.1,74.8,7.4,3.5,0.9,2.6,4.5
STU1470,17,6.2,77.3,93.1,3.4,6.5,64.0,7.8,4.4,3.5,2.0,3.9
STU1471,21,4.3,90.9,64.7,2.0,5.4,81.9,9.6,2.8,8.9,2.8,5.9
STU1472,18,7.2,80.5,68.6,1.1,8.5,48.5,7.0,0.0,2.5,4.6,2.6
STU1473,17,1.9,80.5,100.0,0.1,7.6,100.0,5.5,3.2,2.8,2.8,1.5
STU1474,18,4.5,64.9,80.4,1.2,5.0,80.8,7.8,3.9,5.6,3.6,4.6
STU1475,24,2.2,80.8,68.0,2.6,6.6,42.7,9.0,1.4,3.9,1.5,5.2
STU1476,24,5.2,90.4,35.3,4.4,3.8,57.4,6.4,2.4,11.7,1.9,5.7
STU1477,23,6.1,68.0,100.0,4.0,7.9,80.2,7.8,1.1,4.5,3.3,4.3
STU1478,24,3.7,,50.8,2.8,6.0,85.6,8.3,0.0,6.0,5.6,8.0
STU1479,22,0.5,76.9,56.9,2.1,5.6,48.9,8.0,4.3,7.8,4.9,2.5
STU1480,24,4.9,67.3,69.0,2.8,6.4,78.7,7.0,2.8,7.8,3.7,3.2
STU1481,19,5.3,90.0,100.0,1.8,6.6,38.8,6.0,5.2,5.7,3.0,6.5
STU1482,21,5.2,74.6,88.9,4.7,8.3,66.7,6.7,4.1,4.5,4.9,3.2
STU1483,22,6.7,87.1,72.2,2.3,7.7,84.7,7.4,2.3,11.1,4.0,3.1
STU1484,17,2.6,74.5,80.5,2.4,6.2,59.7,7.9,2.7,4.7,0.0,5.7
STU1485,23,5.7,77.3,64.2,0.0,8.0,45.4,7.2,3.6,3.7,1.2,3.4
STU1486,23,6.6,83.9,77.5,2.2,7.3,70.2,6.3,4.3,3.1,3.3,5.2
STU1487,23,1.3,81.5,76.3,3.6,5.6,58.9,7.5,3.3,0.0,0.1,4.1
STU1488,17,5.1,54.1,92.4,1.1,6.3,77.4,7.8,4.5,7.5,1.5,3.8
STU1489,17,3.6,64.5,92.4,1.5,6.2,54.7,7.3,2.4,0.0,1.8,1.3
STU1490,17,4.4,89.2,83.9,3.5,7.5,56.4,5.8,1.3,5.0,2.4,5.8
STU1491,17,5.1,76.4,68.5,0.6,5.8,,6.6,2.7,4.4,2.4,3.0
STU1492,23,3.6,71.7,88.4,3.9,5.7,70.5,7.9,3.1,11.7,2.4,5.2
STU1493,23,3.3,61.7,73.3,1.8,10.0,65.6,5.1,1.0,0.0,4.0,4.5
STU1494,18,4.6,65.0,55.5,2.0,8.4,50.2,4.3,0.8,2.3,2.4,5.1
STU1495,22,2.5,53.7,67.7,1.0,5.0,70.9,8.6,3.5,4.6,2.2,5.2
STU1496,21,2.5,76.8,76.5,3.0,7.6,83.4,7.4,2.2,4.4,0.8,5.9
STU1497,24,5.7,70.8,91.4,5.7,6.7,64.8,7.5,2.6,3.4,4.3,4.0
STU1498,24,2.4,66.4,71.7,3.5,7.3,72.0,5.5,2.3,4.8,1.8,8.0
STU1499,19,5.7,77.2,53.2,1.4,6.8,72.1,7.7,5.1,1.2,1.2,1.8
STU1500,23,5.3,82.4,76.0,4.0,8.9,49.9,7.1,4.7,6.1,3.1,5.0
STU1501,19,1.4,100.0,77.0,2.1,7.2,98.8,4.9,0.9,0.0,1.6,7.2
STU1502,22,3.3,59.9,78.3,4.3,6.4,60.9,8.5,2.0,4.9,2.0,6.5
STU1503,22,6.6,91.9,91.6,3.5,8.6,77.8,7.0,4.1,3.2,3.2,3.6
STU1504,19,2.7,89.7,93.3,0.0,7.0,79.5,6.3,3.7,8.0,2.3,3.9
STU1505,23,3.7,68.7,64.3,1.2,6.7,,6.3,2.7,10.3,6.3,3.5
STU1506,19,5.3,80.4,63.9,3.7,7.1,77.1,4.4,1.1,4.0,2.7,6.7
STU1507,24,5.9,72.5,56.3,2.7,6.3,71.7,7.5,1.8,9.2,3.7,4.0
STU1508,18,4.0,80.2,87.6,1.2,6.5,46.7,7.1,2.0,4.1,0.0,6.0
STU1509,24,3.4,96.1,100.0,1.7,5.3,63.0,6.6,3.2,2.1,1.5,6.0
STU1510,20,7.1,85.3,69.3,0.0,5.0,58.8,8.3,5.4,10.2,1.2,10.0
STU1511,23,7.6,84.1,70.7,2.4,4.5,61.1,5.1,1.8,6.6,1.4,6.1
STU1512,23,6.3,72.8,100.0,5.4,3.7,48.4,6.1,1.3,5.0,3.4,3.9
STU1513,21,4.7,60.2,84.1,3.5,4.7,84.9,5.8,2.6,7.1,4.4,2.6
STU1514,17,3.0,75.5,82.9,5.3,6.2,92.0,6.5,4.3,5.8,3.3,4.9
STU1515,20,3.0,92.5,53.6,3.6,6.7,82.7,6.9,0.6,4.8,2.5,5.3
STU1516,22,5.4,59.7,87.2,3.8,6.0,87.1,7.3,5.0,1.0,1.9,1.1
STU1517,23,5.3,65.3,58.3,5.1,1.8,62.8,6.4,2.5,4.2,4.5,4.1
STU1518,19,7.0,79.5,54.6,3.0,9.6,58.5,5.7,1.7,6.9,5.9,6.1
STU1519,20,5.7,66.2,68.8,2.3,8.7,56.3,8.8,0.4,4.6,3.0,4.4
STU1520,21,1.8,68.5,64.5,3.8,7.4,77.7,9.7,3.9,7.7,4.2,7.4
STU1521,22,6.4,72.9,71.0,4.4,10.0,71.4,7.0,2.5,6.2,3.3,2.4
STU1522,17,2.7,61.6,49.1,1.9,4.5,66.8,5.9,3.1,2.4,3.9,6.9
STU1523,17,3.8,66.3,92.3,1.6,10.0,87.4,8.6,1.4,1.0,1.1,7.3
STU1524,21,5.0,86.4,95.3,2.7,4.6,74.1,5.1,2.3,4.5,2.1,7.4
STU1525,21,8.1,62.3,39.9,3.6,7.0,55.4,6.4,2.1,3.4,3.4,2.4
STU1526,19,10.0,58.8,92.6,3.5,4.0,57.8,6.0,2.6,6.0,4.6,6.1
STU1527,23,5.6,70.4,60.4,0.6,6.5,78.2,5.4,1.8,2.8,1.6,4.2
STU1528,17,4.2,86.8,90.4,5.0,7.3,83.6,6.5,0.5,3.2,0.0,2.7
STU1529,22,5.5,75.6,73.8,1.7,6.2,76.3,5.8,6.9,8.2,2.1,4.7
STU1530,20,6.1,72.4,75.5,2.2,7.9,96.5,6.8,0.8,5.4,4.3,3.7
STU1531,22,3.9,78.5,71.7,1.3,6.7,92.5,6.8,3.1,2.9,0.4,7.3
STU1532,18,7.7,57.1,96.8,6.0,5.5,74.6,6.1,0.1,5.1,1.0,6.5
STU1533,18,4.9,83.9,52.7,2.8,5.4,55.4,6.4,0.0,9.1,3.0,3.2
STU1534,21,5.4,82.6,85.9,1.4,8.1,48.4,6.5,2.9,5.9,2.6,4.1
STU1535,19,5.7,73.1,94.8,3.6,5.2,62.2,7.8,3.1,6.8,3.7,4.7
STU1536,18,5.3,90.1,87.9,3.5,8.3,79.3,6.6,4.7,2.7,1.0,5.4
STU1537,17,6.0,64.5,100.0,2.3,8.9,95.4,7.8,3.4,8.1,2.3,7.5
STU1538,22,3.4,91.5,65.5,3.6,3.2,74.3,7.5,2.6,12.0,4.6,6.9
STU1539,22,3.5,79.9,92.2,1.4,8.8,85.5,7.5,1.4,2.6,1.0,5.6
STU1540,21,2.5,74.0,73.1,1.9,10.0,64.3,8.5,5.0,1.5,5.0,5.0
STU1541,23,5.3,77.8,97.2,0.0,7.0,77.3,5.5,4.2,5.5,1.2,2.0
STU1542,23,5.9,76.7,74.9,0.8,7.7,80.4,6.2,0.9,7.6,4.1,8.1
STU1543,20,5.3,92.6,68.0,4.8,8.6,38.3,8.9,2.9,4.7,2.2,4.6
STU1544,21,7.5,65.1,98.5,4.6,5.9,61.8,6.5,3.0,1.8,1.1,8.6
STU1545,24,4.5,68.8,66.2,2.6,6.9,82.2,4.0,2.3,4.7,2.1,5.9
STU1546,20,5.7,90.4,49.6,4.7,3.9,72.1,6.6,4.0,6.8,3.6,9.6
STU1547,24,2.5,70.9,65.7,2.3,6.8,50.1,7.0,4.0,3.8,2.8,6.7
STU1548,23,,88.8,86.1,2.2,7.5,31.5,4.0,2.5,6.8,4.5,2.6
STU1549,21,5.8,98.4,100.0,2.6,7.5,62.5,8.4,2.4,8.5,5.0,4.3
STU1550,24,6.0,73.2,77.0,2.3,8.6,66.9,5.9,5.0,5.7,1.0,5.2
STU1551,21,4.0,86.2,98.7,2.2,5.0,54.7,7.2,4.2,4.9,0.9,3.8
STU1552,21,4.4,64.2,50.6,4.0,5.4,70.1,6.5,2.9,7.5,0.8,4.7
STU1553,23,1.8,87.1,67.0,2.7,10.0,75.6,5.3,0.4,2.4,1.5,2.8
STU1554,20,3.9,80.4,69.8,3.4,6.2,78.1,5.5,3.3,2.1,4.5,5.5
STU1555,20,6.1,83.7,72.9,3.8,6.9,32.7,5.7,3.8,4.2,3.6,6.0
STU1556,21,5.5,70.3,76.5,3.0,6.4,48.3,8.1,0.0,3.5,2.0,3.5
STU1557,18,5.4,58.1,87.4,1.2,4.9,63.4,6.6,3.2,2.6,2.8,9.4
STU1558,19,4.6,84.0,67.0,0.7,9.7,76.6,6.2,2.2,10.5,4.9,5.6
STU1559,23,4.5,53.2,77.5,2.7,5.4,75.3,5.7,2.5,11.5,5.7,3.9
STU1560,19,3.3,74.2,74.2,2.3,4.2,75.1,8.2,1.4,3.9,3.2,2.2
STU1561,19,5.8,89.3,58.3,2.6,5.6,62.2,8.6,2.6,5.3,0.0,5.6
STU1562,20,5.3,80.3,73.0,2.5,2.5,63.1,8.2,4.9,4.4,3.2,5.0
STU1563,20,5.4,100.0,72.4,5.9,5.2,57.1,7.4,2.1,8.3,4.2,7.1
STU1564,18,3.6,90.3,72.0,0.8,4.6,79.5,7.1,4.2,8.9,3.1,5.2
STU1565,19,0.6,70.2,75.6,0.0,7.7,54.2,5.3,1.6,0.0,3.9,3.1
STU1566,19,6.5,78.3,76.4,2.9,5.2,80.8,6.5,3.9,6.4,3.3,8.8
STU1567,21,3.6,77.4,67.2,2.0,8.3,71.1,6.0,2.8,1.1,0.9,6.4
STU1568,20,2.9,59.0,97.9,2.9,9.3,67.3,4.6,3.3,10.3,1.5,5.0
STU1569,19,5.7,66.7,53.9,3.3,8.1,58.1,8.1,2.8,6.3,2.3,5.8
STU1570,22,3.8,71.3,62.0,4.2,6.1,47.7,6.0,3.8,2.5,4.4,6.4
STU1571,18,6.4,53.6,100.0,0.5,6.8,58.3,8.2,0.0,4.3,1.7,2.6
STU1572,24,5.6,78.6,56.3,1.8,3.5,63.0,7.9,0.7,4.1,3.5,5.8
STU1573,22,5.7,75.0,50.6,3.1,6.2,32.5,7.5,3.4,6.6,3.3,4.6
STU1574,22,2.0,57.9,88.2,3.5,4.8,65.0,7.5,0.0,8.1,5.2,6.5
STU1575,24,6.7,82.9,37.6,5.4,7.9,81.9,6.1,2.0,1.6,2.7,4.0
STU1576,23,5.0,86.6,70.8,3.7,10.0,76.5,9.0,2.7,10.5,0.2,4.3
STU1577,23,3.8,80.7,100.0,2.4,7.5,60.6,6.9,1.6,9.8,3.8,8.8
STU1578,18,4.8,74.1,47.2,1.3,2.5,68.7,7.2,1.8,2.4,6.0,8.0
STU1579,22,1.3,85.1,39.3,1.8,5.8,59.7,6.0,3.2,5.2,3.9,1.0
STU1580,19,5.2,86.2,48.0,1.7,6.7,70.2,5.7,4.3,10.1,1.6,7.8
STU1581,20,2.6,81.7,91.2,3.4,6.7,91.1,7.4,1.4,8.7,1.2,5.4
STU1582,18,2.1,68.1,95.2,2.8,5.0,82.5,7.1,1.9,4.0,1.4,4.1
STU1583,21,1.8,81.3,65.8,0.8,7.0,75.8,5.9,1.7,7.4,5.8,3.5
STU1584,24,6.5,92.3,87.3,1.9,4.0,60.6,5.1,0.0,14.0,2.3,3.6
STU1585,22,3.4,70.8,100.0,3.6,4.6,79.2,5.3,3.0,5.3,1.8,4.1
STU1586,18,7.3,100.0,100.0,3.0,7.8,42.7,8.2,4.2,3.1,2.6,3.2
STU1587,17,3.5,71.7,70.6,3.2,4.5,64.2,6.1,4.3,5.5,2.3,2.8
STU1588,17,1.4,78.4,33.6,3.0,7.6,76.8,6.4,1.5,5.7,5.2,3.4
STU1589,23,2.5,69.9,60.2,4.6,3.8,79.1,8.5,0.9,3.4,1.3,6.1
STU1590,24,6.7,80.7,67.3,2.8,10.0,78.0,5.5,2.8,6.3,4.6,5.6
STU1591,20,4.2,57.1,70.3,2.0,5.0,72.4,5.9,4.0,1.2,3.0,6.6
STU1592,19,3.5,71.4,71.6,1.3,6.1,65.1,5.9,3.0,3.0,4.6,5.4
STU1593,20,4.8,64.9,95.1,2.8,7.2,76.1,8.7,3.2,7.3,5.2,2.9
STU1594,20,5.4,79.6,97.9,0.0,5.4,53.7,9.2,4.5,0.0,2.9,6.5
STU1595,20,6.5,89.9,71.9,2.3,6.8,55.3,7.7,1.7,7.7,2.3,3.5
STU1596,24,7.1,85.8,94.8,2.2,7.7,68.9,7.7,2.5,0.0,2.9,6.8
STU1597,20,3.9,49.5,81.4,0.7,8.4,70.6,6.1,5.3,0.0,2.7,3.2
STU1598,21,2.1,100.0,76.2,1.3,8.1,40.6,9.1,2.5,3.5,0.3,4.1
STU1599,24,3.8,81.5,91.3,3.6,6.2,74.8,7.1,0.9,5.9,5.1,4.8
STU1600,21,5.0,68.7,76.3,2.8,6.2,79.6,7.8,1.8,9.0,3.2,6.8
STU1601,24,2.8,79.9,100.0,2.6,10.0,66.8,6.7,1.4,5.2,1.1,5.9
STU1602,23,2.8,80.1,49.1,2.9,8.4,100.0,6.5,3.3,4.3,0.0,5.5
STU1603,18,5.1,70.0,65.7,2.6,4.7,57.8,8.8,1.5,6.7,0.0,9.3
STU1604,17,4.4,80.4,72.7,4.1,6.7,62.6,7.4,3.2,2.4,4.0,1.8
STU1605,20,4.6,70.7,82.9,2.7,5.8,62.1,8.5,1.7,5.4,1.9,3.4
STU1606,23,3.1,73.1,97.8,0.6,6.2,66.9,7.1,0.0,1.4,2.1,3.3
STU1607,18,4.1,69.8,74.6,4.6,4.0,63.1,5.8,3.3,5.2,3.5,2.0
STU1608,17,2.8,60.8,49.4,3.0,5.7,46.9,6.1,3.0,4.6,2.0,4.1
STU1609,22,6.1,79.8,90.2,1.7,10.0,59.8,6.9,3.6,2.6,3.6,6.9
STU1610,19,6.4,85.0,88.6,0.9,7.7,66.5,6.0,1.8,5.5,2.9,4.3
STU1611,21,1.2,84.2,40.0,3.0,1.5,86.4,5.5,1.6,5.5,2.7,4.8
STU1612,22,2.8,87.8,74.9,2.3,8.9,100.0,8.2,3.4,8.5,0.4,2.1
STU1613,24,1.8,81.9,46.4,4.5,8.7,88.0,6.1,5.1,0.2,1.6,3.9
STU1614,17,3.3,71.6,63.0,2.1,5.8,56.4,7.0,2.8,4.8,3.7,4.6
STU1615,22,4.3,88.1,58.7,1.4,7.9,57.6,7.2,3.4,2.7,1.8,6.8
STU1616,19,1.9,61.7,89.6,3.7,4.8,65.6,6.1,2.3,7.6,4.6,2.2
STU1617,23,2.8,67.2,77.1,3.7,5.6,94.8,8.5,0.5,7.3,6.3,4.6
STU1618,17,2.7,66.4,51.9,2.7,9.5,65.5,5.5,4.3,6.5,3.8,7.7
STU1619,22,4.9,91.0,90.8,3.4,6.0,,7.1,4.2,2.9,5.0,4.6
STU1620,21,4.6,89.3,49.2,2.5,2.8,60.5,7.1,3.9,7.7,3.9,1.3
STU1621,21,3.2,83.8,80.9,2.8,6.4,79.4,6.7,2.5,0.4,2.0,8.1
STU1622,18,4.8,90.9,60.3,4.0,6.3,78.3,5.2,3.7,0.0,3.1,7.0
STU1623,22,3.5,67.4,68.4,3.3,8.9,65.0,7.8,4.1,1.2,5.8,7.2
STU1624,20,4.0,82.2,84.1,2.3,6.5,78.3,7.7,5.2,4.9,2.0,2.0
STU1625,22,7.5,76.5,84.4,4.3,5.7,33.9,6.0,4.3,7.0,1.2,8.5
STU1626,23,6.9,88.2,99.1,0.0,8.6,69.6,7.6,2.9,0.0,1.1,4.0
STU1627,17,2.2,76.6,73.5,5.2,6.7,80.9,7.2,0.8,9.0,2.5,4.5
STU1628,17,6.0,73.4,80.5,0.3,5.0,55.5,5.3,3.0,5.4,1.3,4.1
STU1629,23,6.0,84.5,67.1,1.7,8.8,55.5,5.8,3.2,0.3,5.3,7.4
STU1630,22,2.4,88.5,78.3,2.4,6.9,40.0,8.2,3.9,5.3,3.1,5.1
STU1631,23,6.0,70.0,82.9,2.3,6.5,91.8,7.2,4.8,8.3,4.3,6.5
STU1632,19,7.3,77.3,73.2,3.8,6.9,57.2,6.1,2.7,6.8,2.4,5.7
STU1633,24,2.5,65.3,42.5,1.1,4.4,71.6,5.8,6.0,8.3,1.1,5.3
STU1634,23,2.8,48.0,81.0,2.8,5.4,77.1,6.2,0.2,0.9,0.8,3.6
STU1635,21,6.3,80.4,81.6,1.7,6.5,90.7,6.3,3.4,3.8,1.4,9.1
STU1636,23,5.0,85.3,62.8,2.9,6.1,65.7,5.8,1.6,2.2,3.3,2.6
STU1637,17,5.5,81.1,51.9,2.4,9.0,59.9,4.7,0.0,10.2,3.6,6.3
STU1638,21,5.1,54.6,100.0,2.6,6.9,70.6,8.2,2.5,6.9,3.7,6.3
STU1639,17,5.2,73.8,83.8,1.8,8.2,87.3,8.0,0.6,13.5,0.6,7.8
STU1640,18,2.1,51.4,70.9,1.8,6.5,65.4,5.3,2.6,3.6,2.8,8.3
STU1641,20,6.4,94.4,54.5,2.9,8.6,53.7,7.0,2.9,2.8,1.3,5.2
STU1642,17,6.6,65.0,60.2,3.7,7.3,44.9,5.7,4.5,4.6,3.4,6.6
STU1643,21,4.1,93.1,98.4,1.7,6.5,49.7,6.5,0.5,9.1,3.5,9.0
STU1644,18,4.4,89.4,77.5,1.4,6.5,81.0,6.4,4.2,3.9,1.0,5.4
STU1645,17,1.7,67.2,65.1,3.3,4.6,63.2,6.3,2.9,5.4,4.3,3.4
STU1646,19,5.4,64.4,84.2,2.5,7.5,58.9,9.2,4.3,5.3,6.3,4.7
STU1647,23,5.5,82.2,60.3,3.6,6.4,57.3,6.3,2.2,5.1,4.1,2.9
STU1648,20,4.4,67.9,100.0,1.3,5.5,69.3,5.8,0.8,3.0,2.6,6.2
STU1649,17,6.5,79.2,99.4,0.2,8.7,64.4,5.9,1.0,4.6,2.3,7.6
STU1650,18,3.9,72.2,66.6,1.8,4.0,63.9,8.1,0.9,4.5,2.5,5.3
STU1651,19,5.5,56.6,63.7,1.5,5.7,88.2,4.8,3.5,5.0,1.7,2.3
STU1652,22,2.7,51.2,27.9,2.4,8.6,91.1,5.9,5.0,7.8,3.2,7.5
STU1653,18,4.5,80.7,48.3,1.7,7.1,43.8,8.5,2.0,10.3,1.1,1.9
STU1654,23,4.2,71.3,50.9,3.5,6.4,72.9,7.1,3.7,2.5,0.0,2.4
STU1655,18,4.9,71.4,77.4,2.1,7.0,56.3,7.0,0.5,3.8,3.1,5.1
STU1656,19,3.8,86.4,69.1,2.7,6.9,64.3,9.4,3.1,2.5,2.8,6.0
STU1657,18,4.3,92.1,50.8,2.7,3.5,72.6,7.1,3.8,5.6,1.9,6.3
STU1658,19,6.0,74.7,69.9,2.8,5.8,64.8,6.0,0.6,3.4,0.9,5.4
STU1659,17,3.7,73.9,84.1,2.5,9.7,71.5,6.5,2.5,5.7,3.2,9.0
STU1660,24,1.6,84.0,84.5,3.2,5.2,78.1,5.4,3.9,8.3,1.3,5.6
STU1661,19,7.6,61.7,40.8,1.5,5.9,72.4,8.3,0.0,0.0,2.6,7.6
STU1662,19,7.0,80.7,72.7,4.3,5.4,58.3,7.5,4.8,6.5,5.4,7.1
STU1663,20,2.2,84.6,50.1,2.2,6.3,58.6,8.1,3.3,3.6,3.8,2.9
STU1664,19,5.7,86.2,91.2,0.8,5.3,46.4,8.3,3.9,6.4,0.7,5.2
STU1665,19,3.6,54.8,89.1,2.7,7.5,55.2,6.3,2.2,2.3,0.9,9.7
STU1666,22,5.0,68.9,58.8,1.4,6.9,97.4,5.7,0.2,8.6,3.0,4.5
STU1667,24,5.0,67.5,61.2,3.4,8.0,56.1,6.7,3.6,7.7,0.7,4.2
STU1668,17,4.1,79.2,66.7,5.4,4.4,50.1,5.8,2.7,6.7,0.0,5.8
STU1669,23,3.1,83.8,34.4,1.5,5.8,72.8,7.0,2.8,7.4,3.6,4.6
STU1670,20,3.3,96.0,81.0,2.9,6.0,66.3,8.2,4.4,2.8,3.3,3.9
STU1671,22,2.9,72.1,70.1,0.2,7.4,65.1,6.6,3.9,3.1,3.5,4.5
STU1672,21,3.0,72.0,92.5,3.1,4.9,89.1,7.0,5.7,7.3,3.2,8.4
STU1673,24,4.4,91.8,55.2,1.3,8.3,76.2,6.7,3.0,2.7,2.7,5.2
STU1674,17,3.2,81.6,63.9,1.7,8.9,60.1,7.8,1.8,9.3,1.8,2.8
STU1675,17,5.7,93.2,47.9,1.1,4.5,61.6,6.0,2.5,4.0,3.6,2.5
STU1676,21,7.2,81.5,56.9,3.5,5.5,60.5,4.2,3.4,6.5,5.1,9.9
STU1677,23,3.5,64.1,53.7,3.8,5.4,81.1,7.4,4.3,11.3,2.0,5.1
STU1678,19,4.9,62.0,92.9,2.5,10.0,63.4,8.0,0.6,2.9,1.3,6.4
STU1679,22,5.4,59.4,62.4,1.4,5.6,41.1,7.3,2.8,5.2,1.1,4.0
STU1680,18,,85.9,77.2,4.6,9.9,67.3,6.0,5.2,8.2,1.5,6.1
STU1681,20,4.6,92.3,68.1,1.5,4.0,44.9,5.4,2.4,7.9,3.1,8.4
STU1682,18,5.8,100.0,52.1,0.0,4.5,100.0,7.4,4.2,4.0,0.0,4.2
STU1683,21,5.4,88.1,72.0,3.1,5.1,53.5,7.0,3.5,3.4,3.5,6.4
STU1684,17,2.3,92.0,85.8,1.1,4.8,65.6,6.6,4.2,4.3,3.8,2.7
STU1685,23,6.1,71.0,53.3,3.8,6.0,71.9,9.0,1.6,9.3,0.1,9.5
STU1686,17,6.1,64.1,89.6,2.0,5.1,63.7,5.7,1.6,4.2,1.3,6.0
STU1687,20,3.1,88.2,59.7,3.3,4.9,63.6,8.9,2.8,5.2,2.9,4.7
STU1688,17,4.6,83.0,66.3,4.3,8.8,74.3,6.8,0.5,3.7,2.6,4.9
STU1689,17,5.7,79.3,84.6,0.9,8.9,90.9,4.6,2.4,7.1,3.6,4.5
STU1690,20,4.1,82.6,63.1,1.8,8.4,79.5,6.6,3.2,5.5,2.6,4.6
STU1691,22,6.4,81.9,75.7,2.4,7.5,,8.0,5.5,2.0,4.7,1.0
STU1692,22,8.8,93.4,69.3,4.5,6.7,52.3,6.4,3.4,2.1,2.3,5.3
STU1693,20,3.1,93.5,77.3,1.6,5.5,72.8,5.0,3.7,0.0,1.3,5.2
STU1694,23,2.0,84.5,32.1,1.7,4.6,70.3,6.6,4.5,2.5,1.2,6.5
STU1695,21,5.0,88.1,42.1,3.1,7.2,73.3,5.8,1.4,7.4,3.9,4.5
STU1696,24,5.8,84.2,86.1,1.7,4.2,88.6,7.4,2.6,9.0,2.8,4.0
STU1697,17,4.1,72.5,93.7,2.7,4.5,64.7,7.7,6.4,7.1,3.8,5.5
STU1698,23,7.1,87.1,58.6,0.5,8.8,61.9,5.5,2.7,6.7,3.7,2.3
STU1699,17,2.1,61.3,70.6,5.4,10.0,76.0,6.0,4.5,4.6,0.0,5.8
STU1700,24,5.7,90.6,80.3,0.7,7.3,41.3,7.7,4.2,7.3,1.1,1.8
STU1701,21,3.4,63.7,87.5,2.1,8.7,64.4,5.8,0.6,5.9,1.3,7.7
STU1702,22,7.6,81.4,38.5,2.5,6.0,66.0,5.5,3.3,10.4,1.6,6.9
STU1703,23,8.1,67.9,59.1,5.0,3.8,54.2,5.4,3.0,4.7,2.2,3.6
STU1704,19,3.1,84.6,69.0,0.8,7.7,83.9,7.2,3.3,9.0,4.3,6.8
STU1705,19,3.5,77.6,87.7,5.1,7.6,52.1,7.2,1.7,7.6,4.6,5.7
STU1706,24,6.0,58.9,100.0,3.5,6.6,66.0,6.0,1.1,7.2,2.4,3.5
STU1707,19,3.8,83.0,70.9,3.0,6.0,72.4,6.8,2.1,0.0,2.4,1.5
STU1708,22,4.4,71.1,49.7,1.2,8.4,88.3,8.6,2.7,7.8,1.7,6.1
STU1709,24,4.5,88.6,82.2,3.2,4.5,67.8,5.6,4.6,4.6,2.9,3.9
STU1710,22,1.0,78.0,98.8,1.6,5.0,82.0,4.5,5.5,3.7,3.1,7.7
STU1711,21,4.5,82.7,76.9,4.1,4.5,78.5,7.3,4.9,0.6,4.0,5.5
STU1712,17,3.3,66.5,58.7,1.2,6.7,69.9,6.7,4.1,5.0,4.0,4.1
STU1713,21,3.6,70.9,92.2,2.4,4.3,51.7,5.9,1.3,5.1,0.0,9.1
STU1714,21,7.1,72.5,86.9,1.8,5.1,46.5,7.6,2.2,1.1,2.6,6.7
STU1715,22,2.2,88.3,56.5,1.2,5.1,69.6,7.8,3.1,0.6,4.9,1.0
STU1716,24,6.0,98.1,81.9,3.5,6.0,59.9,4.2,1.9,6.5,2.1,4.5
STU1717,24,4.0,68.3,93.0,3.2,3.5,81.8,6.0,3.7,7.6,4.5,2.7
STU1718,19,4.0,90.9,96.3,4.1,6.7,79.2,9.6,3.9,5.6,2.3,3.9
STU1719,18,5.9,52.0,73.8,0.2,9.0,65.2,7.5,3.6,8.5,3.1,5.2
STU1720,17,5.1,63.7,68.6,3.9,6.8,50.6,7.6,4.3,4.7,1.1,6.2
STU1721,22,5.5,66.5,97.1,5.8,9.6,75.7,8.2,1.4,4.8,1.2,6.0
STU1722,19,6.2,61.8,53.2,1.9,9.2,52.7,6.8,4.2,2.2,3.9,7.7
STU1723,23,3.9,59.0,82.9,5.0,8.1,56.6,7.8,1.8,0.3,4.1,6.8
STU1724,18,3.4,83.0,50.3,2.2,6.6,53.3,7.7,1.4,10.6,2.8,6.6
STU1725,18,2.5,75.4,94.2,0.7,6.5,65.9,7.4,3.6,8.4,1.0,5.9
STU1726,22,3.0,82.6,70.4,2.1,8.0,85.6,6.4,4.6,0.8,2.9,8.1
STU1727,20,9.8,86.3,97.8,3.9,5.7,67.9,7.0,3.5,5.5,4.7,4.9
STU1728,17,6.7,81.2,83.8,1.4,2.7,61.4,6.1,2.8,4.7,5.4,4.9
STU1729,18,2.1,85.9,53.0,1.7,7.5,45.1,6.8,3.3,4.2,2.3,1.7
STU1730,22,2.1,77.2,100.0,3.3,4.2,76.3,5.4,3.0,3.8,0.3,7.6
STU1731,22,5.4,63.8,100.0,2.5,4.6,56.3,5.9,1.1,6.1,4.1,5.3
STU1732,19,5.5,90.7,90.9,3.3,6.5,69.8,6.5,0.9,7.5,2.4,10.0
STU1733,23,5.5,70.9,61.3,2.8,6.3,62.7,5.7,2.7,6.2,4.2,4.7
STU1734,20,4.0,66.8,69.5,3.1,3.7,80.6,6.2,2.9,4.6,3.2,5.7
STU1735,17,4.3,75.9,77.6,1.9,6.8,65.6,6.6,2.8,4.5,1.5,6.6
STU1736,24,5.1,67.0,62.3,2.8,8.4,67.1,7.3,3.8,7.8,2.9,3.3
STU1737,21,4.7,73.0,100.0,1.3,4.2,75.3,7.9,2.5,6.4,4.8,6.2
STU1738,23,0.5,82.1,77.6,4.2,9.0,99.6,6.2,3.6,5.2,2.6,5.6
STU1739,23,4.1,82.2,26.3,1.7,3.4,81.3,8.4,2.6,4.9,1.2,4.9
STU1740,19,3.0,67.2,81.1,4.0,10.0,66.7,7.9,5.5,6.0,0.4,7.8
STU1741,24,4.8,72.1,68.7,2.2,5.7,68.0,7.4,2.9,3.6,1.6,3.7
STU1742,18,9.9,90.9,73.7,2.8,6.8,60.1,7.0,6.3,7.5,2.2,6.0
STU1743,18,5.2,84.0,68.4,1.9,2.7,53.8,7.2,3.3,1.8,4.0,8.4
STU1744,19,3.9,100.0,89.5,1.2,6.4,59.7,8.2,2.5,3.8,1.1,4.1
STU1745,22,6.2,92.2,95.2,0.2,7.0,56.4,8.3,1.5,6.8,5.1,4.9
STU1746,18,5.4,91.7,80.1,1.1,6.3,77.8,8.4,0.6,1.6,0.8,10.0
STU1747,20,5.3,61.3,68.9,2.1,5.4,51.9,6.8,1.3,0.3,6.3,6.4
STU1748,17,5.6,87.2,74.3,2.8,4.6,88.0,7.5,1.5,5.2,5.4,4.5
STU1749,23,8.2,77.4,75.4,3.8,8.8,79.3,8.4,3.4,0.0,3.0,7.1
STU1750,23,2.5,71.4,60.6,1.9,6.6,68.3,6.1,2.0,1.1,0.3,4.4
STU1751,20,5.4,80.0,85.4,1.4,9.6,68.0,6.4,3.1,7.3,2.7,2.4
STU1752,24,2.8,89.3,83.3,0.6,5.4,59.6,6.8,4.7,4.4,2.2,8.2
STU1753,18,5.5,84.0,100.0,3.1,5.6,72.1,7.9,2.7,8.9,0.9,3.3
STU1754,23,2.8,67.5,97.6,4.3,8.1,84.3,7.9,5.9,1.4,3.2,10.0
STU1755,21,3.7,86.9,62.7,4.1,3.3,57.5,6.5,1.0,4.7,1.6,4.5
STU1756,24,4.0,70.3,89.8,3.4,4.1,45.0,5.0,2.6,6.2,1.7,9.8
STU1757,17,6.3,80.6,57.9,3.3,8.7,78.5,7.1,2.0,1.5,2.5,2.8
STU1758,17,6.2,74.4,87.5,4.7,4.2,72.9,5.7,4.2,8.1,1.9,7.6
STU1759,23,2.3,75.4,65.7,2.9,2.9,51.2,5.0,0.0,6.5,5.9,6.5
STU1760,19,4.6,87.2,56.6,3.3,10.0,57.0,5.3,0.6,0.2,2.0,7.2
STU1761,24,3.2,65.5,80.0,2.1,3.7,55.1,7.2,2.6,4.9,3.5,7.4
STU1762,23,2.2,100.0,26.9,0.7,6.9,57.1,8.4,5.1,6.2,3.0,4.5
STU1763,19,4.1,56.1,43.5,1.6,6.6,63.1,6.8,3.1,3.2,3.3,2.9
STU1764,23,3.9,70.8,71.8,2.5,1.0,64.0,7.1,0.8,0.6,3.4,5.4
STU1765,21,8.9,82.4,76.5,2.6,6.0,58.2,8.2,1.0,5.8,4.1,5.9
STU1766,24,5.3,85.0,68.4,5.0,7.4,56.6,4.9,5.3,11.6,3.2,4.6
STU1767,22,2.0,76.8,46.6,2.6,7.2,64.6,7.4,1.9,3.8,3.1,6.1
STU1768,17,3.5,77.3,60.3,4.0,8.3,70.5,6.8,1.4,9.7,2.9,6.2
STU1769,23,6.3,82.9,82.0,1.9,5.7,63.3,7.5,5.0,2.7,2.6,3.7
STU1770,21,8.3,,85.5,2.1,7.9,85.4,6.2,4.3,5.6,1.4,6.3
STU1771,19,1.6,94.7,74.7,0.8,5.1,,5.8,4.7,7.3,2.7,5.0
STU1772,19,1.1,88.1,95.8,1.5,3.7,44.1,7.0,1.4,5.0,3.2,4.1
STU1773,17,7.9,88.5,82.2,3.2,3.9,75.9,8.8,0.5,4.1,3.4,7.1
STU1774,20,5.2,66.4,61.5,2.5,3.6,77.1,7.8,3.0,7.2,3.1,3.9
STU1775,23,2.9,77.0,70.0,3.7,8.5,61.5,6.2,3.3,10.7,2.5,4.6
STU1776,24,5.5,74.4,49.7,2.7,3.5,45.6,5.2,3.3,5.9,2.7,5.6
STU1777,18,0.5,65.9,73.1,2.0,7.0,68.1,4.8,5.0,3.5,2.0,8.2
STU1778,19,4.5,82.3,95.0,5.3,6.0,67.9,8.4,0.2,4.4,3.3,5.9
STU1779,24,5.1,71.5,87.3,2.4,6.3,51.2,5.7,4.1,12.6,2.5,6.6
STU1780,24,6.2,85.9,100.0,4.0,9.2,46.2,6.4,1.2,5.4,3.1,4.9
STU1781,22,2.7,65.2,69.5,2.0,5.6,66.7,8.4,4.1,3.2,4.3,5.3
STU1782,24,4.7,98.6,99.2,3.4,7.7,64.5,4.9,2.1,1.6,1.7,5.4
STU1783,24,2.8,67.2,71.5,3.7,6.6,61.7,8.6,1.6,0.0,3.7,6.1
STU1784,22,5.0,80.6,100.0,2.8,6.2,66.7,6.5,1.9,6.1,2.8,4.9
STU1785,19,2.9,87.5,74.6,0.0,10.0,51.5,5.4,0.6,7.0,5.8,8.2
STU1786,24,3.8,71.2,87.7,2.5,3.6,61.5,6.5,2.9,3.8,2.5,4.8
STU1787,20,2.7,88.2,100.0,4.1,9.1,76.0,5.9,1.6,5.0,3.8,2.1
STU1788,20,5.7,63.2,71.5,3.2,7.8,62.8,7.3,4.0,1.5,2.8,10.0
STU1789,21,6.0,95.4,78.9,3.1,5.5,42.9,6.0,3.8,5.4,0.7,4.8
STU1790,22,4.1,78.2,98.2,0.3,9.8,60.9,4.5,5.3,6.4,2.0,8.1
STU1791,21,4.6,70.8,72.6,1.6,2.8,51.9,6.5,3.3,3.4,4.1,8.3
STU1792,22,1.9,74.4,51.2,3.0,5.5,72.0,5.2,3.6,10.1,2.2,7.4
STU1793,23,4.0,87.7,100.0,3.0,4.1,72.8,7.0,4.9,2.5,0.0,5.1
STU1794,23,4.4,71.0,66.5,4.1,7.3,43.1,5.4,1.9,5.9,2.8,6.1
STU1795,24,9.2,69.0,77.9,2.3,4.3,79.4,6.2,0.6,7.5,1.2,3.0
STU1796,18,2.5,75.3,95.8,3.0,7.4,51.3,7.0,3.1,4.8,3.0,9.5
STU1797,23,7.1,63.9,64.0,2.5,6.1,91.4,6.5,0.7,4.4,5.1,3.8
STU1798,18,6.3,99.8,56.9,1.2,5.5,67.3,7.1,6.5,0.7,4.0,5.0
STU1799,23,5.0,71.2,79.6,0.0,7.3,49.3,7.6,5.0,9.1,5.1,5.7
STU1800,17,7.7,88.0,42.7,3.1,6.0,50.9,5.4,6.0,4.5,2.0,5.3
STU1801,23,5.2,80.5,69.8,2.7,4.3,73.2,6.7,2.9,6.6,2.6,4.2
STU1802,21,5.2,66.2,79.4,1.7,10.0,62.1,4.0,3.6,7.0,1.2,8.3
STU1803,19,4.4,77.9,70.1,0.4,5.5,66.6,7.1,2.1,3.1,1.8,7.4
STU1804,24,6.7,87.4,47.2,3.3,2.1,92.2,6.4,4.1,4.4,1.4,6.1
STU1805,21,6.5,75.7,100.0,2.2,4.8,57.5,5.6,1.0,9.0,0.8,4.7
STU1806,19,3.4,92.3,76.9,3.2,4.0,68.9,7.2,0.0,1.6,4.8,7.6
STU1807,20,2.1,90.3,100.0,4.9,8.2,89.3,8.2,1.6,11.4,0.0,4.6
STU1808,21,4.1,89.0,70.3,0.0,7.1,72.1,6.2,0.6,2.8,4.9,8.6
STU1809,20,3.1,72.5,59.2,1.6,7.3,43.9,5.7,5.0,1.5,4.7,5.7
STU1810,18,4.4,65.0,79.8,2.2,5.8,75.6,7.0,5.5,5.4,3.5,8.0
STU1811,18,6.7,70.6,71.1,4.4,5.9,50.6,5.2,0.7,11.6,1.1,5.3
STU1812,17,3.7,80.4,53.8,0.4,5.8,89.1,6.0,4.7,0.0,0.4,5.6
STU1813,23,4.4,84.5,100.0,5.0,6.3,55.7,8.3,4.2,4.6,2.0,8.0
STU1814,21,4.6,51.9,63.8,2.7,8.2,100.0,6.9,0.4,6.4,3.7,9.9
STU1815,20,6.0,77.9,41.9,2.4,7.2,90.0,4.5,2.2,5.1,2.8,8.6
STU1816,19,0.5,79.9,98.9,2.2,7.5,56.1,4.6,1.9,6.1,1.2,7.3
STU1817,18,3.4,74.7,65.9,1.9,7.5,68.3,7.0,3.9,2.8,4.5,6.7
STU1818,23,4.9,93.5,64.1,3.9,8.3,79.3,7.8,1.0,3.2,5.3,4.5
STU1819,18,6.7,83.1,43.2,1.1,7.1,79.8,4.9,2.7,4.6,2.5,6.1
STU1820,19,3.6,93.7,100.0,2.9,7.2,74.6,7.3,1.8,1.6,3.0,3.7
STU1821,23,1.1,75.4,51.8,2.0,8.9,86.8,8.4,3.5,4.9,0.5,6.3
STU1822,23,5.6,89.2,76.1,1.5,5.2,66.2,9.1,2.5,3.8,2.2,6.4
STU1823,20,3.4,97.6,91.4,5.9,4.8,62.5,7.2,2.0,3.6,3.6,1.6
STU1824,20,2.4,93.7,82.6,3.0,4.1,62.8,7.4,2.5,6.0,3.3,5.6
STU1825,21,3.4,64.9,73.9,3.3,6.9,80.9,4.2,5.9,0.0,2.0,6.3
STU1826,21,4.2,75.0,44.4,4.0,2.8,73.5,9.3,2.2,4.3,2.4,5.3
STU1827,22,3.4,73.9,60.4,0.7,7.4,72.4,6.1,1.2,12.0,2.1,6.2
STU1828,24,0.5,83.9,78.4,4.8,6.3,79.9,5.7,3.7,1.7,2.4,2.8
STU1829,22,6.1,86.2,60.8,0.0,8.8,37.2,6.5,2.6,8.9,3.4,3.9
STU1830,17,6.8,67.9,78.7,1.5,5.2,72.7,8.6,0.7,5.2,0.0,7.6
STU1831,18,5.7,78.8,87.3,1.9,6.1,71.3,9.4,6.1,3.2,2.7,5.5
STU1832,21,2.5,53.8,92.3,3.3,8.7,93.0,7.0,2.3,1.0,3.3,6.2
STU1833,20,4.1,95.3,52.9,2.8,9.3,45.1,8.0,2.2,5.4,1.9,4.4
STU1834,19,4.5,71.9,100.0,2.3,5.1,91.4,6.9,3.0,9.4,2.1,5.5
STU1835,20,5.6,78.7,88.8,2.5,6.9,69.1,5.6,5.4,3.8,2.1,1.0
STU1836,18,5.7,74.3,75.0,1.2,7.1,75.3,8.6,0.3,4.8,2.1,7.2
STU1837,22,3.2,91.8,94.6,0.6,7.2,93.1,6.1,3.2,8.0,2.8,9.1
STU1838,20,4.6,43.9,100.0,3.4,6.0,76.4,8.6,5.9,6.0,3.0,3.4
STU1839,24,5.3,77.8,49.1,3.4,9.1,74.0,8.4,3.0,0.3,0.0,3.6
STU1840,17,7.1,76.7,70.9,4.6,2.7,71.6,7.5,0.9,5.3,3.8,6.4
STU1841,18,5.8,72.6,32.2,1.5,5.7,60.7,9.0,1.9,9.5,2.4,8.4
STU1842,22,5.9,98.7,78.5,3.4,7.4,67.6,9.5,3.1,4.9,5.7,5.5
STU1843,24,4.7,67.4,81.6,2.1,7.4,57.3,6.6,4.8,0.0,1.0,3.0
STU1844,19,7.0,87.3,74.3,4.0,9.2,67.3,5.8,2.3,6.2,1.5,5.1
STU1845,22,5.2,82.3,63.2,3.8,8.9,33.0,4.6,4.0,4.4,2.5,3.4
STU1846,23,3.0,93.1,38.1,2.8,5.9,74.4,9.5,0.6,0.0,3.4,4.2
STU1847,24,7.0,70.0,81.7,2.1,9.1,66.2,6.3,0.6,0.0,0.0,4.9
STU1848,24,5.8,69.2,100.0,3.7,5.1,63.0,8.2,2.1,7.9,1.6,3.6
STU1849,17,3.7,91.2,64.4,3.3,8.4,71.3,5.9,5.0,2.8,3.7,3.9
STU1850,18,3.6,83.1,82.9,1.6,10.0,46.5,8.6,2.9,2.3,1.4,5.6
STU1851,19,5.0,59.5,46.8,0.8,8.9,96.9,6.0,3.2,4.9,4.9,5.9
STU1852,17,5.3,71.5,83.2,2.1,6.7,66.5,5.4,3.2,3.1,2.1,2.7
STU1853,22,4.9,82.6,67.9,4.5,5.8,65.8,6.5,4.5,5.3,1.5,6.3
STU1854,17,5.1,88.1,61.3,4.0,3.4,53.5,6.2,1.9,4.4,3.7,4.7
STU1855,24,7.6,69.8,61.3,1.1,7.1,68.4,7.5,3.8,1.4,5.2,6.9
STU1856,18,6.4,43.0,67.9,1.0,4.3,88.8,6.7,1.6,3.5,3.4,7.1
STU1857,21,4.8,84.3,81.9,4.2,4.9,83.5,7.6,5.8,6.3,4.7,4.4
STU1858,17,6.2,63.4,51.4,1.0,4.1,80.8,6.5,1.6,5.1,5.3,6.7
STU1859,23,2.6,53.8,67.9,3.2,5.6,76.2,6.0,1.5,4.8,1.4,3.8
STU1860,17,5.2,44.0,74.3,1.7,6.4,62.6,6.1,3.6,10.8,4.2,8.1
STU1861,22,7.8,87.8,55.2,4.6,7.0,46.2,9.3,2.9,7.2,0.5,3.9
STU1862,22,4.1,79.5,100.0,1.5,5.3,65.0,7.1,3.3,7.6,3.4,6.2
STU1863,19,3.0,75.3,59.6,4.0,8.6,64.5,4.4,3.1,4.5,2.7,5.1
STU1864,22,3.3,94.7,63.0,2.7,6.1,83.7,6.2,1.2,5.7,4.7,3.5
STU1865,20,2.5,,57.4,2.8,4.9,72.6,6.9,5.2,3.7,4.6,7.3
STU1866,18,3.1,97.4,100.0,0.0,7.0,92.2,9.0,4.1,7.3,3.7,4.3
STU1867,18,3.8,61.3,85.0,0.0,10.0,86.0,8.0,4.8,4.7,3.2,2.1
STU1868,21,2.0,,58.1,2.2,7.2,61.2,5.7,2.0,5.7,3.6,1.0
STU1869,21,4.5,58.6,94.9,2.8,5.8,41.1,9.7,3.4,5.5,2.9,3.7
STU1870,18,6.1,75.2,78.6,1.0,3.4,88.8,6.8,3.1,4.9,2.7,8.3
STU1871,23,2.9,75.0,79.6,1.1,6.1,88.4,8.3,4.5,13.8,5.0,8.0
STU1872,21,7.2,85.5,68.8,3.2,7.0,47.5,5.4,4.5,3.0,5.1,4.1
STU1873,19,5.4,78.5,61.5,3.2,5.7,90.6,4.0,3.1,3.0,2.6,4.8
STU1874,22,6.4,85.5,81.1,2.3,3.2,73.7,5.1,0.5,7.1,3.2,4.6
STU1875,18,3.3,86.4,65.2,3.5,4.8,70.4,4.0,5.5,3.2,2.9,2.8
STU1876,24,6.0,100.0,100.0,1.0,9.4,92.2,9.3,3.6,4.1,0.4,3.6
STU1877,21,2.5,74.2,52.2,2.0,9.4,88.2,7.1,1.9,1.7,2.3,7.5
STU1878,18,6.1,66.7,100.0,4.6,4.7,77.8,5.7,3.4,6.5,5.2,6.5
STU1879,20,4.8,81.0,73.0,2.6,7.8,75.1,7.3,0.5,6.5,1.7,6.0
STU1880,17,5.5,68.4,80.4,2.7,4.1,77.2,7.0,4.4,4.1,6.0,2.8
STU1881,22,2.4,95.8,90.0,5.5,9.3,62.0,7.5,0.6,7.1,4.6,5.7
STU1882,18,2.9,74.6,63.7,0.7,7.0,67.2,8.3,2.5,0.0,3.4,1.0
STU1883,17,5.6,71.2,90.6,3.5,8.4,54.5,6.5,3.2,2.9,3.6,7.2
STU1884,21,2.8,72.3,26.3,4.7,3.1,63.0,5.7,4.4,4.5,1.4,6.0
STU1885,17,5.3,86.6,62.0,2.1,7.9,62.5,7.8,3.0,1.5,2.4,2.8
STU1886,22,2.0,76.1,58.4,3.6,6.5,58.5,7.8,3.8,0.0,5.0,8.7
STU1887,18,6.0,70.3,52.4,1.2,8.2,70.1,6.9,2.8,4.1,1.9,1.9
STU1888,20,2.3,98.0,71.1,1.6,8.3,63.1,9.4,2.8,7.1,4.4,6.6
STU1889,23,5.5,67.7,81.9,3.0,6.6,75.5,6.3,2.9,8.8,0.7,6.6
STU1890,21,5.6,78.4,87.6,3.5,5.3,43.7,5.7,2.5,3.4,1.0,3.0
STU1891,18,3.2,85.8,79.3,4.0,8.1,66.3,7.3,0.3,7.2,5.7,5.4
STU1892,22,5.5,58.4,63.0,4.5,6.4,70.0,6.0,1.6,6.9,2.8,2.2
STU1893,21,5.0,83.8,81.6,2.4,4.8,63.3,7.4,3.2,8.7,2.0,1.0
STU1894,19,3.5,65.3,77.2,4.1,4.7,65.4,5.8,2.4,3.9,4.8,3.4
STU1895,17,2.7,87.9,91.8,2.1,3.5,44.2,6.3,2.6,0.0,4.7,4.3
STU1896,23,1.0,66.4,89.0,3.7,5.5,73.3,9.1,2.3,5.2,4.2,6.8
STU1897,22,5.1,86.3,75.5,2.8,8.7,77.7,6.3,1.5,2.0,1.9,5.6
STU1898,19,1.7,91.3,58.8,3.1,6.9,75.4,5.8,2.1,2.8,2.4,5.7
STU1899,24,4.7,88.3,63.2,3.1,5.4,83.6,8.2,2.3,4.1,3.3,3.5
STU1900,18,4.0,81.0,65.1,0.4,8.1,71.0,5.5,2.8,4.0,3.8,4.4
STU1901,20,5.7,75.2,69.3,1.0,4.8,75.2,6.0,3.4,5.4,2.0,3.6
STU1902,21,4.0,71.1,79.8,2.6,6.7,70.3,7.5,2.5,7.1,3.1,3.1
STU1903,17,3.9,95.7,87.9,0.3,6.1,78.3,7.9,1.3,3.9,3.2,4.3
STU1904,21,5.8,69.6,74.1,3.6,8.1,44.3,8.3,0.7,6.2,4.7,5.6
STU1905,23,5.1,65.6,75.3,3.6,3.3,54.6,5.9,6.7,5.0,3.9,4.4
STU1906,18,5.1,86.0,77.6,2.9,4.8,91.8,7.5,1.1,7.8,0.5,4.9
STU1907,21,5.3,68.4,65.7,1.0,3.2,31.1,6.2,2.0,4.4,2.5,6.9
STU1908,17,1.7,66.6,58.3,4.3,6.0,65.9,6.1,3.6,4.8,1.4,4.5
STU1909,18,5.9,60.7,43.4,5.1,8.9,85.6,8.2,3.3,3.9,3.7,2.8
STU1910,21,5.6,72.2,62.5,2.7,5.5,66.6,6.1,3.6,4.5,4.2,6.6
STU1911,20,2.7,77.0,83.5,3.2,5.5,61.9,7.1,2.1,2.6,3.0,6.0
STU1912,22,4.1,80.9,62.3,2.8,8.2,69.9,7.0,3.2,2.4,2.4,6.2
STU1913,18,4.4,89.4,70.7,3.2,8.6,62.7,5.5,2.9,7.3,2.9,6.8
STU1914,22,4.3,84.3,83.4,2.3,6.3,68.5,8.0,2.3,1.8,3.1,6.4
STU1915,24,5.1,75.7,84.4,2.5,7.9,57.7,7.5,3.2,4.0,1.8,5.6
STU1916,18,7.1,75.6,55.6,3.7,4.3,84.6,4.4,4.4,8.0,1.0,10.0
STU1917,20,6.4,,92.9,5.5,9.3,89.3,7.1,2.8,3.9,0.0,2.9
STU1918,22,2.1,93.3,95.3,0.7,10.0,66.0,5.9,2.8,7.5,4.7,4.3
STU1919,19,5.6,79.5,54.7,2.4,7.5,47.2,8.1,4.4,3.2,3.5,7.4
STU1920,17,6.9,72.4,60.2,1.0,2.3,60.1,5.1,4.2,1.8,3.3,5.8
STU1921,19,5.2,66.1,96.4,4.6,5.4,65.2,6.4,5.2,0.2,4.7,7.0
STU1922,21,6.5,60.7,72.4,1.7,7.7,75.6,7.2,0.2,8.9,0.9,5.8
STU1923,20,8.1,86.0,35.0,0.6,5.7,52.9,6.9,4.2,1.6,0.2,8.2
STU1924,19,6.3,84.9,49.8,3.3,9.0,56.5,7.7,3.7,7.2,3.4,3.5
STU1925,18,4.9,84.9,70.5,4.8,7.7,75.7,5.0,1.5,2.0,3.2,8.2
STU1926,21,6.4,76.5,54.1,3.4,5.1,82.1,8.8,3.2,9.0,0.2,7.8
STU1927,21,4.8,94.9,67.6,2.8,6.6,58.7,7.4,4.4,11.6,3.3,3.1
STU1928,19,4.5,72.2,75.6,3.0,4.7,48.0,8.4,1.6,0.0,2.2,6.8
STU1929,24,3.9,89.5,100.0,4.3,6.1,100.0,7.8,3.5,1.7,1.6,5.4
STU1930,19,7.3,77.5,69.8,1.4,5.4,79.7,6.8,4.1,7.3,2.3,4.3
STU1931,24,3.0,70.7,94.3,2.4,8.8,64.0,5.3,1.2,6.5,0.0,1.7
STU1932,20,7.3,85.1,100.0,1.9,10.0,81.0,6.1,2.6,7.3,1.9,3.5
STU1933,17,5.4,82.9,100.0,1.0,3.6,66.1,8.7,3.3,3.3,1.7,6.9
STU1934,19,2.0,82.3,80.1,2.1,2.7,81.0,8.5,1.6,11.0,3.6,7.1
STU1935,23,5.2,79.0,39.7,3.9,6.0,70.4,6.1,1.5,5.4,2.6,5.1
STU1936,24,0.7,77.5,83.3,3.2,3.5,69.4,4.0,2.6,1.3,3.8,7.1
STU1937,19,5.6,100.0,93.9,3.3,6.6,66.3,6.5,4.0,4.2,0.0,7.4
STU1938,22,6.1,92.2,73.5,2.7,8.0,46.3,6.5,3.8,1.4,1.5,5.8
STU1939,18,3.4,86.7,100.0,3.2,9.5,97.1,6.5,1.5,9.8,3.6,4.1
STU1940,23,4.7,79.3,90.5,1.5,6.9,53.9,7.4,3.8,3.0,2.3,6.4
STU1941,23,8.0,90.1,85.2,2.1,6.1,47.6,7.9,1.5,6.5,4.1,6.5
STU1942,24,3.6,84.2,94.6,2.7,2.5,64.8,8.0,0.4,3.6,0.1,6.8
STU1943,22,2.6,78.3,81.0,2.9,6.6,53.6,7.3,2.2,3.2,3.9,7.2
STU1944,22,7.2,74.4,30.1,2.9,6.6,67.2,4.6,4.5,0.0,1.8,2.8
STU1945,21,8.0,77.0,66.0,2.3,7.8,78.3,6.4,3.8,6.8,1.7,4.5
STU1946,24,4.5,40.0,96.5,2.0,5.1,82.9,9.6,2.8,8.9,4.3,1.7
STU1947,17,6.3,80.5,60.5,6.6,5.6,80.2,7.2,2.2,2.3,4.5,7.0
STU1948,18,6.9,72.1,71.0,3.7,3.5,63.4,7.2,2.2,0.4,4.4,5.1
STU1949,20,3.2,97.1,56.2,3.0,1.9,68.7,7.2,3.0,7.4,5.9,6.4
STU1950,23,3.6,78.2,100.0,2.2,4.3,74.1,7.3,1.2,0.1,4.7,2.5
STU1951,20,6.7,63.7,100.0,1.9,3.4,41.6,4.0,2.3,8.7,1.6,8.3
STU1952,19,7.5,77.4,59.1,2.3,7.2,76.6,6.5,2.5,2.3,3.0,3.1
STU1953,19,5.5,65.4,77.7,2.9,5.5,46.1,6.8,0.8,1.7,2.3,7.0
STU1954,20,2.9,83.7,62.8,0.1,5.4,98.6,8.3,1.5,5.7,5.8,5.7
STU1955,19,8.1,81.5,86.1,0.5,4.5,61.9,6.9,3.4,1.9,4.5,5.1
STU1956,17,3.5,89.5,84.2,1.7,1.0,65.2,4.8,2.8,2.9,2.5,5.0
STU1957,22,3.9,68.5,89.6,2.8,9.5,56.5,7.3,2.3,6.1,4.1,4.2
STU1958,19,5.1,78.4,81.0,2.2,4.5,58.6,5.8,1.4,0.0,1.0,8.1
STU1959,21,7.3,61.6,100.0,4.4,5.7,100.0,5.3,5.2,9.9,3.2,5.5
STU1960,19,6.0,86.4,56.5,0.6,3.6,82.1,5.8,1.5,5.1,1.4,3.0
STU1961,18,5.2,84.2,44.2,1.5,8.4,44.8,7.5,3.2,1.1,0.3,4.7
STU1962,17,5.3,83.9,67.9,4.5,6.8,90.6,8.3,2.1,1.9,4.0,5.8
STU1963,18,4.6,78.0,46.8,2.7,4.8,85.9,7.4,2.9,8.0,4.2,7.3
STU1964,18,5.5,83.0,48.1,3.7,5.7,63.8,7.6,3.5,6.8,3.5,4.3
STU1965,21,0.5,97.3,57.0,5.2,9.9,72.6,7.4,0.7,9.2,2.5,4.4
STU1966,17,,74.6,58.4,1.6,6.4,67.8,6.9,2.8,3.0,0.9,5.5
STU1967,17,4.9,79.7,57.8,2.4,6.1,97.6,7.6,4.6,5.9,1.1,7.2
STU1968,24,,65.0,84.3,2.1,4.6,56.1,4.0,5.4,6.3,1.3,2.8
STU1969,17,5.2,67.6,65.9,0.0,2.7,70.2,6.9,2.6,7.1,2.4,6.5
STU1970,17,4.1,79.2,71.8,2.1,6.2,61.6,5.5,2.9,8.4,4.4,4.6
STU1971,17,7.7,91.2,91.1,3.6,7.2,46.5,8.2,6.1,2.8,4.4,4.9
STU1972,21,7.3,74.9,61.2,3.2,8.7,100.0,6.6,4.5,4.7,0.3,9.5
STU1973,19,3.7,75.2,70.2,3.3,2.0,50.3,6.8,1.9,3.2,1.8,5.1
STU1974,24,4.2,73.1,81.6,2.0,4.2,71.3,5.0,1.9,4.8,1.7,7.0
STU1975,18,4.4,71.6,40.1,1.6,5.3,41.9,8.0,4.2,7.1,0.0,6.9
STU1976,17,3.7,81.5,32.1,4.2,6.5,62.0,7.6,1.3,0.0,3.6,3.1
STU1977,23,4.9,60.0,81.2,1.9,6.2,74.3,7.5,4.4,8.3,2.4,1.8
STU1978,19,3.1,93.4,83.9,2.9,6.3,55.6,5.8,3.3,1.6,2.6,7.1
STU1979,19,2.5,70.0,100.0,2.7,7.3,76.8,5.9,3.6,4.1,4.8,3.3
STU1980,18,5.6,86.7,77.8,4.4,4.7,64.0,7.1,2.4,8.7,2.9,2.2
STU1981,21,5.6,62.8,89.8,3.8,8.4,85.4,6.0,1.9,6.0,2.2,7.6
STU1982,20,3.1,86.0,71.5,0.8,7.4,88.4,7.3,5.0,6.0,3.7,3.5
STU1983,20,6.1,86.1,80.4,1.0,5.9,59.2,4.2,2.4,1.5,4.4,4.0
STU1984,19,3.4,82.6,100.0,3.3,9.7,69.2,6.2,2.2,1.9,3.2,9.4
STU1985,22,,66.1,36.8,2.4,9.6,70.8,9.0,2.7,7.8,3.8,2.2
STU1986,22,6.0,81.0,82.4,1.9,8.4,77.3,7.3,3.1,3.2,2.6,3.0
STU1987,18,4.4,63.8,100.0,3.8,1.0,68.2,7.0,1.3,3.5,2.7,4.6
STU1988,20,5.3,75.0,80.1,2.7,9.7,70.9,9.2,2.0,7.9,3.0,5.0
STU1989,19,3.6,90.4,100.0,2.6,8.1,64.3,4.0,1.9,1.9,1.7,3.7
STU1990,21,4.1,87.6,63.7,3.5,10.0,69.7,5.8,4.1,5.8,1.9,3.2
STU1991,20,4.1,78.2,74.4,2.0,9.0,87.5,6.3,1.5,5.1,4.9,8.5
STU1992,19,3.2,66.3,75.6,4.5,9.7,77.7,7.8,0.2,5.0,5.8,6.0
STU1993,19,4.2,85.7,35.1,1.5,8.3,78.5,7.9,0.0,3.4,5.2,6.7
STU1994,17,1.7,78.2,54.0,3.4,9.2,78.8,5.8,0.6,3.3,0.8,5.2
STU1995,21,3.6,50.2,55.3,4.4,10.0,65.7,8.0,4.8,1.8,0.7,6.1
STU1996,17,4.0,87.4,89.8,0.7,6.9,72.8,6.3,2.8,6.4,1.0,7.4
STU1997,18,4.0,77.7,90.7,2.1,3.4,51.7,8.3,3.6,3.0,3.0,3.5
STU1998,17,4.1,92.4,80.8,4.0,5.9,87.0,5.6,3.6,7.9,0.0,6.0
STU1999,23,4.4,64.9,89.8,4.0,7.3,26.3,6.7,2.9,4.3,1.9,6.9
STU2000,17,5.4,40.0,72.0,2.3,6.6,66.7,6.2,2.7,1.8,4.9,8.6
